unit_no,level,unit_title,polish,english,note
1,A1,"Cześć! Poznajmy się","cześć","hi / bye","informal, friends and family"
1,A1,"Cześć! Poznajmy się","dzień dobry","hello / good morning","formal, until evening"
1,A1,"Cześć! Poznajmy się","dobry wieczór","good evening","formal"
1,A1,"Cześć! Poznajmy się","do widzenia","goodbye","formal"
1,A1,"Cześć! Poznajmy się","dziękuję","thank you",""
1,A1,"Cześć! Poznajmy się","proszę","please / here you are","also answers 'thank you'"
1,A1,"Cześć! Poznajmy się","przepraszam","sorry / excuse me",""
1,A1,"Cześć! Poznajmy się","tak","yes",""
1,A1,"Cześć! Poznajmy się","nie","no / not",""
1,A1,"Cześć! Poznajmy się","Jak się masz?","How are you?","informal"
1,A1,"Cześć! Poznajmy się","dobrze","well / fine / OK",""
1,A1,"Cześć! Poznajmy się","Mam na imię…","My name is…","lit. 'I have for a name'"
1,A1,"Cześć! Poznajmy się","Miło mi.","Nice to meet you.",""
1,A1,"Cześć! Poznajmy się","też","also / too",""
1,A1,"Cześć! Poznajmy się","tutaj","here",""
1,A1,"Cześć! Poznajmy się","tam","there",""
1,A1,"Cześć! Poznajmy się","Na razie!","See you! (casual)",""
1,A1,"Cześć! Poznajmy się","Do zobaczenia!","See you later!",""
1,A1,"Cześć! Poznajmy się","Dobranoc!","Good night!",""
1,A1,"Cześć! Poznajmy się","Witam!","Hello! (semi-formal)",""
1,A1,"Cześć! Poznajmy się","Jak się pan ma?","How are you? (to a man)",""
1,A1,"Cześć! Poznajmy się","Jak się pani ma?","How are you? (to a woman)",""
1,A1,"Cześć! Poznajmy się","Świetnie!","Great!",""
1,A1,"Cześć! Poznajmy się","Nieźle.","Not bad.",""
1,A1,"Cześć! Poznajmy się","Tak sobie.","So-so.",""
1,A1,"Cześć! Poznajmy się","źle","badly, bad",""
1,A1,"Cześć! Poznajmy się","pan / pani","Mr, sir / Mrs, madam",""
1,A1,"Cześć! Poznajmy się","Nie rozumiem.","I don't understand.",""
1,A1,"Cześć! Poznajmy się","Proszę powtórzyć.","Please repeat.",""
1,A1,"Cześć! Poznajmy się","Proszę mówić wolniej.","Please speak more slowly.",""
1,A1,"Cześć! Poznajmy się","Jak to się mówi po polsku?","How do you say that in Polish?",""
1,A1,"Cześć! Poznajmy się","Co to znaczy?","What does that mean?",""
1,A1,"Cześć! Poznajmy się","Nie wiem.","I don't know.",""
1,A1,"Cześć! Poznajmy się","tylko","only, just",""
1,A1,"Cześć! Poznajmy się","naprawdę","really",""
1,A1,"Cześć! Poznajmy się","właśnie","just, exactly",""
1,A1,"Cześć! Poznajmy się","prawda?","right? isn't it?",""
1,A1,"Cześć! Poznajmy się","no","well, yeah (spoken)","No, jasne! = Yeah, sure!"
1,A1,"Cześć! Poznajmy się","spoko","cool, fine (casual)",""
1,A1,"Cześć! Poznajmy się","dzięki","thanks (casual)",""
1,A1,"Cześć! Poznajmy się","hej","hey, hi",""
1,A1,"Cześć! Poznajmy się","Nie ma sprawy.","No problem.",""
1,A1,"Cześć! Poznajmy się","W porządku.","All right. / OK.",""
1,A1,"Cześć! Poznajmy się","Wszystko w porządku?","Is everything OK?",""
1,A1,"Cześć! Poznajmy się","Powodzenia!","Good luck!",""
1,A1,"Cześć! Poznajmy się","Gratulacje!","Congratulations!",""
1,A1,"Cześć! Poznajmy się","Jasne!","Sure!",""
1,A1,"Cześć! Poznajmy się","Racja.","That's right.",""
1,A1,"Cześć! Poznajmy się","Miłego dnia!","Have a nice day!",""
1,A1,"Cześć! Poznajmy się","Nawzajem!","Likewise!",""
1,A1,"Cześć! Poznajmy się","Przepraszam, że przeszkadzam.","Sorry to bother you.",""
1,A1,"Cześć! Poznajmy się","Nic nie szkodzi.","No harm done. / It doesn't matter.",""
2,A1,"To jest moja rodzina","mama","mum",""
2,A1,"To jest moja rodzina","tata","dad","masculine, even though it ends in -a"
2,A1,"To jest moja rodzina","brat","brother",""
2,A1,"To jest moja rodzina","siostra","sister",""
2,A1,"To jest moja rodzina","syn","son",""
2,A1,"To jest moja rodzina","córka","daughter",""
2,A1,"To jest moja rodzina","dziecko","child","neuter"
2,A1,"To jest moja rodzina","mąż","husband",""
2,A1,"To jest moja rodzina","żona","wife",""
2,A1,"To jest moja rodzina","przyjaciel","friend (male)",""
2,A1,"To jest moja rodzina","przyjaciółka","friend (female)",""
2,A1,"To jest moja rodzina","dom","house / home",""
2,A1,"To jest moja rodzina","To jest…","This is…",""
2,A1,"To jest moja rodzina","Kto to jest?","Who is this?",""
2,A1,"To jest moja rodzina","mój / moja / moje","my (m / f / n)",""
2,A1,"To jest moja rodzina","twój / twoja / twoje","your (m / f / n)","informal"
2,A1,"To jest moja rodzina","rodzice","parents",""
2,A1,"To jest moja rodzina","dziadek","grandfather",""
2,A1,"To jest moja rodzina","babcia","grandmother","Use babcia for grandma: Polish baba is rude."
2,A1,"To jest moja rodzina","wnuk / wnuczka","grandson / granddaughter",""
2,A1,"To jest moja rodzina","wujek","uncle",""
2,A1,"To jest moja rodzina","ciocia","aunt",""
2,A1,"To jest moja rodzina","kuzyn / kuzynka","cousin (m / f)",""
2,A1,"To jest moja rodzina","chłopak","boy; boyfriend",""
2,A1,"To jest moja rodzina","dziewczyna","girl; girlfriend",""
2,A1,"To jest moja rodzina","narzeczony / narzeczona","fiancé / fiancée",""
2,A1,"To jest moja rodzina","rodzeństwo","siblings",""
2,A1,"To jest moja rodzina","jedynak / jedynaczka","only child (m / f)",""
2,A1,"To jest moja rodzina","żonaty","married (of a man)",""
2,A1,"To jest moja rodzina","zamężna","married (of a woman)",""
2,A1,"To jest moja rodzina","rozwiedziony","divorced",""
2,A1,"To jest moja rodzina","nasz / nasza / nasze","our (m / f / n)",""
2,A1,"To jest moja rodzina","jego / jej","his / her",""
2,A1,"To jest moja rodzina","ojciec","father","gen. ojca"
2,A1,"To jest moja rodzina","matka","mother",""
2,A1,"To jest moja rodzina","teść / teściowa","father-in-law / mother-in-law",""
2,A1,"To jest moja rodzina","szwagier / szwagierka","brother-in-law / sister-in-law",""
2,A1,"To jest moja rodzina","bliźniaki","twins",""
2,A1,"To jest moja rodzina","krewny / krewna","relative (m / f)",""
2,A1,"To jest moja rodzina","znajomy / znajoma","acquaintance, friend (m / f)",""
2,A1,"To jest moja rodzina","sąsiad / sąsiadka","neighbour (m / f)",""
2,A1,"To jest moja rodzina","małżeństwo","marriage; married couple",""
2,A1,"To jest moja rodzina","ślub","wedding (ceremony)",""
2,A1,"To jest moja rodzina","wesele","wedding reception","⚠ SR veselje = joy, party"
2,A1,"To jest moja rodzina","kochanie","darling",""
2,A1,"To jest moja rodzina","dorastać","to grow up",""
2,A1,"To jest moja rodzina","urodzić się","to be born","Urodziłem się w Nišu."
2,A1,"To jest moja rodzina","zmarły","deceased",""
2,A1,"To jest moja rodzina","wdowa / wdowiec","widow / widower",""
2,A1,"To jest moja rodzina","samotny","single; lonely",""
2,A1,"To jest moja rodzina","mieszkać razem","to live together",""
3,A1,"Skąd jesteś?","Skąd jesteś?","Where are you from?",""
3,A1,"Skąd jesteś?","Jestem z Polski.","I'm from Poland.","z + genitive: z Anglii, z Niemiec"
3,A1,"Skąd jesteś?","kraj","country","⚠ SR kraj = end. Here: a country."
3,A1,"Skąd jesteś?","Anglia","England",""
3,A1,"Skąd jesteś?","Niemcy","Germany","plural only: z Niemiec, w Niemczech"
3,A1,"Skąd jesteś?","Francja","France",""
3,A1,"Skąd jesteś?","Hiszpania","Spain",""
3,A1,"Skąd jesteś?","Włochy","Italy","plural only: z Włoch"
3,A1,"Skąd jesteś?","Stany Zjednoczone","the United States","ze Stanów Zjednoczonych"
3,A1,"Skąd jesteś?","Ukraina","Ukraine",""
3,A1,"Skąd jesteś?","Serbia","Serbia",""
3,A1,"Skąd jesteś?","Chorwacja","Croatia",""
3,A1,"Skąd jesteś?","Polak / Polka","Pole (m / f)",""
3,A1,"Skąd jesteś?","Anglik / Angielka","Englishman / Englishwoman",""
3,A1,"Skąd jesteś?","Niemiec / Niemka","German (m / f)",""
3,A1,"Skąd jesteś?","Serb / Serbka","Serb (m / f)",""
3,A1,"Skąd jesteś?","Ukrainiec / Ukrainka","Ukrainian (m / f)",""
3,A1,"Skąd jesteś?","Amerykanin / Amerykanka","American (m / f)",""
3,A1,"Skąd jesteś?","narodowość","nationality",""
3,A1,"Skąd jesteś?","obywatelstwo","citizenship","on forms: obywatelstwo polskie, serbskie…"
3,A1,"Skąd jesteś?","język","language",""
3,A1,"Skąd jesteś?","Jakie znasz języki?","What languages do you know?",""
3,A1,"Skąd jesteś?","imię","first name","neuter: to imię"
3,A1,"Skąd jesteś?","nazwisko","surname",""
3,A1,"Skąd jesteś?","adres","address",""
3,A1,"Skąd jesteś?","ulica","street","ul. on addresses"
3,A1,"Skąd jesteś?","numer telefonu","phone number",""
3,A1,"Skąd jesteś?","data urodzenia","date of birth",""
3,A1,"Skąd jesteś?","miejsce urodzenia","place of birth",""
3,A1,"Skąd jesteś?","płeć","sex (on forms)",""
3,A1,"Skąd jesteś?","podpis","signature",""
3,A1,"Skąd jesteś?","formularz","form",""
3,A1,"Skąd jesteś?","Proszę przeliterować.","Please spell it.",""
3,A1,"Skąd jesteś?","Europa","Europe",""
3,A1,"Skąd jesteś?","świat","world","na świecie"
3,A1,"Skąd jesteś?","granica","border","za granicą = abroad"
3,A1,"Skąd jesteś?","cudzoziemiec / cudzoziemka","foreigner (m / f)",""
3,A1,"Skąd jesteś?","wiza","visa",""
3,A1,"Skąd jesteś?","karta pobytu","residence card",""
3,A1,"Skąd jesteś?","pochodzić z","to come from","Pochodzę z Serbii."
3,A1,"Skąd jesteś?","Belgrad","Belgrade","w Belgradzie"
3,A1,"Skąd jesteś?","Czechy","Czech Republic","plural: w Czechach"
3,A1,"Skąd jesteś?","Słowacja","Slovakia",""
3,A1,"Skąd jesteś?","Węgry","Hungary","plural: na Węgrzech"
3,A1,"Skąd jesteś?","Grecja","Greece",""
3,A1,"Skąd jesteś?","Austria","Austria",""
3,A1,"Skąd jesteś?","Rosja","Russia",""
3,A1,"Skąd jesteś?","Bośnia","Bosnia",""
3,A1,"Skąd jesteś?","Czarnogóra","Montenegro",""
3,A1,"Skąd jesteś?","Macedonia Północna","North Macedonia",""
3,A1,"Skąd jesteś?","Bułgaria","Bulgaria",""
3,A1,"Skąd jesteś?","Rumunia","Romania",""
3,A1,"Skąd jesteś?","serbski","Serbian (language, adj.)",""
3,A1,"Skąd jesteś?","po serbsku","in Serbian",""
3,A1,"Skąd jesteś?","imię i nazwisko","full name",""
3,A1,"Skąd jesteś?","stan cywilny","marital status (on forms)",""
3,A1,"Skąd jesteś?","wolny / wolna","single (on forms)",""
4,A1,"Ile masz lat?","zero","0",""
4,A1,"Ile masz lat?","jeden","1",""
4,A1,"Ile masz lat?","dwa","2",""
4,A1,"Ile masz lat?","trzy","3",""
4,A1,"Ile masz lat?","cztery","4",""
4,A1,"Ile masz lat?","pięć","5",""
4,A1,"Ile masz lat?","sześć","6",""
4,A1,"Ile masz lat?","siedem","7",""
4,A1,"Ile masz lat?","osiem","8",""
4,A1,"Ile masz lat?","dziewięć","9",""
4,A1,"Ile masz lat?","dziesięć","10",""
4,A1,"Ile masz lat?","jedenaście","11",""
4,A1,"Ile masz lat?","dwanaście","12",""
4,A1,"Ile masz lat?","piętnaście","15",""
4,A1,"Ile masz lat?","dwadzieścia","20",""
4,A1,"Ile masz lat?","Ile?","How many? / How much?",""
4,A1,"Ile masz lat?","trzynaście","13",""
4,A1,"Ile masz lat?","czternaście","14",""
4,A1,"Ile masz lat?","szesnaście","16",""
4,A1,"Ile masz lat?","siedemnaście","17",""
4,A1,"Ile masz lat?","osiemnaście","18",""
4,A1,"Ile masz lat?","dziewiętnaście","19",""
4,A1,"Ile masz lat?","rok","year","SR godina. Polish godzina = hour!"
4,A1,"Ile masz lat?","lata / lat","years (2–4 / 5+)",""
4,A1,"Ile masz lat?","numer","number",""
4,A1,"Ile masz lat?","Jaki masz numer telefonu?","What's your phone number?",""
4,A1,"Ile masz lat?","rower","bicycle",""
4,A1,"Ile masz lat?","pół","half",""
4,A1,"Ile masz lat?","około","about, approximately",""
4,A1,"Ile masz lat?","więcej / mniej","more / less",""
4,A1,"Ile masz lat?","dorosły","adult, grown-up",""
4,A1,"Ile masz lat?","dwadzieścia jeden","21",""
4,A1,"Ile masz lat?","raz","once; one time","dwa razy = twice"
4,A1,"Ile masz lat?","pierwszy","first",""
4,A1,"Ile masz lat?","drugi","second",""
4,A1,"Ile masz lat?","trzeci","third",""
4,A1,"Ile masz lat?","ostatni","last",""
4,A1,"Ile masz lat?","następny","next",""
4,A1,"Ile masz lat?","połowa","half (noun)",""
4,A1,"Ile masz lat?","parę","a couple of",""
4,A1,"Ile masz lat?","wiele","many, much",""
4,A1,"Ile masz lat?","wszystko","everything",""
4,A1,"Ile masz lat?","nic","nothing","Nic nie wiem."
4,A1,"Ile masz lat?","nikt","nobody","Nikt nie przyszedł."
4,A1,"Ile masz lat?","ktoś","somebody",""
4,A1,"Ile masz lat?","coś","something",""
4,A1,"Ile masz lat?","policzyć","to count (perf.)",""
5,A1,"W kawiarni","kawa","coffee",""
5,A1,"W kawiarni","herbata","tea",""
5,A1,"W kawiarni","woda","water",""
5,A1,"W kawiarni","sok","juice",""
5,A1,"W kawiarni","piwo","beer",""
5,A1,"W kawiarni","chleb","bread",""
5,A1,"W kawiarni","ciastko","cake / cookie",""
5,A1,"W kawiarni","kanapka","sandwich",""
5,A1,"W kawiarni","Poproszę…","I'd like… / …please","the polite way to order"
5,A1,"W kawiarni","chcę","I want",""
5,A1,"W kawiarni","z mlekiem","with milk",""
5,A1,"W kawiarni","bez cukru","without sugar",""
5,A1,"W kawiarni","rachunek","the bill",""
5,A1,"W kawiarni","Coś jeszcze?","Anything else?",""
5,A1,"W kawiarni","Proszę bardzo.","Here you go.",""
5,A1,"W kawiarni","lody","ice cream","plural"
5,A1,"W kawiarni","sernik","cheesecake",""
5,A1,"W kawiarni","szarlotka","apple pie",""
5,A1,"W kawiarni","tort","gateau, birthday cake",""
5,A1,"W kawiarni","jajecznica","scrambled eggs",""
5,A1,"W kawiarni","bułka","bread roll",""
5,A1,"W kawiarni","dżem","jam",""
5,A1,"W kawiarni","na miejscu","to eat in",""
5,A1,"W kawiarni","na wynos","to take away",""
5,A1,"W kawiarni","Dla mnie…","For me…",""
5,A1,"W kawiarni","gorący","hot",""
5,A1,"W kawiarni","zimny","cold",""
5,A1,"W kawiarni","z lodem","with ice",""
5,A1,"W kawiarni","z cytryną","with lemon",""
5,A1,"W kawiarni","Czy to miejsce jest wolne?","Is this seat free?",""
5,A1,"W kawiarni","Gdzie jest toaleta?","Where's the toilet?",""
5,A1,"W kawiarni","śmietanka","cream (for coffee)",""
5,A1,"W kawiarni","kakao","cocoa",""
5,A1,"W kawiarni","wino","wine",""
5,A1,"W kawiarni","woda gazowana","sparkling water",""
5,A1,"W kawiarni","woda niegazowana","still water",""
5,A1,"W kawiarni","rogalik","croissant",""
5,A1,"W kawiarni","pączek","doughnut",""
5,A1,"W kawiarni","filiżanka","cup (with saucer)",""
5,A1,"W kawiarni","kubek","mug",""
5,A1,"W kawiarni","Czy mogę zapłacić kartą?","Can I pay by card?",""
5,A1,"W kawiarni","Poproszę jeszcze jedno.","Another one, please.",""
6,A1,"Co robisz?","czytać","to read",""
6,A1,"Co robisz?","mieszkać","to live (reside)",""
6,A1,"Co robisz?","pracować","to work",""
6,A1,"Co robisz?","rozumieć","to understand",""
6,A1,"Co robisz?","mówić","to speak",""
6,A1,"Co robisz?","robić","to do / to make",""
6,A1,"Co robisz?","słuchać","to listen",""
6,A1,"Co robisz?","pytać","to ask",""
6,A1,"Co robisz?","znać","to know (a person / place)",""
6,A1,"Co robisz?","gotować","to cook",""
6,A1,"Co robisz?","trochę","a little",""
6,A1,"Co robisz?","dużo","a lot",""
6,A1,"Co robisz?","po polsku","in Polish",""
6,A1,"Co robisz?","po angielsku","in English",""
6,A1,"Co robisz?","często","often",""
6,A1,"Co robisz?","ale","but",""
6,A1,"Co robisz?","pisać","to write","piszę, piszesz"
6,A1,"Co robisz?","oglądać","to watch",""
6,A1,"Co robisz?","uczyć","to teach",""
6,A1,"Co robisz?","studiować","to study (at university)",""
6,A1,"Co robisz?","grać","to play",""
6,A1,"Co robisz?","śpiewać","to sing",""
6,A1,"Co robisz?","tańczyć","to dance",""
6,A1,"Co robisz?","pływać","to swim",""
6,A1,"Co robisz?","biegać","to run, jog",""
6,A1,"Co robisz?","jeździć na rowerze","to cycle",""
6,A1,"Co robisz?","czekać","to wait",""
6,A1,"Co robisz?","pamiętać","to remember",""
6,A1,"Co robisz?","myśleć","to think","myślę"
6,A1,"Co robisz?","wiedzieć","to know (a fact)","wiem, wiesz, wiedzą"
6,A1,"Co robisz?","otwierać / zamykać","to open / to close",""
6,A1,"Co robisz?","pomagać","to help (+ dative)","perf. pomóc"
6,A1,"Co robisz?","znaleźć","to find (perf.)","znajdę; znalazłem"
6,A1,"Co robisz?","próbować","to try","perf. spróbować"
6,A1,"Co robisz?","używać","to use (+ genitive)",""
6,A1,"Co robisz?","działać","to work, function","Telefon nie działa."
6,A1,"Co robisz?","żyć","to live, be alive","żyję, żyjesz"
6,A1,"Co robisz?","siedzieć","to sit (be sitting)",""
6,A1,"Co robisz?","stać","to stand","stoję, stoisz"
6,A1,"Co robisz?","leżeć","to lie (be lying)",""
6,A1,"Co robisz?","patrzeć","to look (at)","patrzę na…"
6,A1,"Co robisz?","słyszeć","to hear",""
6,A1,"Co robisz?","czuć","to feel; to smell","czuję"
6,A1,"Co robisz?","brać","to take","biorę, bierzesz"
6,A1,"Co robisz?","dawać","to give","daję, dajesz"
6,A1,"Co robisz?","kupować","to buy (regularly)","kupuję"
6,A1,"Co robisz?","prowadzić","to lead; to run (a business)",""
6,A1,"Co robisz?","porozmawiać","to have a talk","z + instrumental"
6,A1,"Co robisz?","uwierzyć","to believe (perf.)",""
6,A1,"Co robisz?","znaczyć","to mean","Co to znaczy?"
6,A1,"Co robisz?","oznaczać","to mean, signify",""
6,A1,"Co robisz?","brzmieć","to sound","To brzmi dobrze."
6,A1,"Co robisz?","trzymać","to hold","trzymam"
6,A1,"Co robisz?","zostawić","to leave (something)","zostawiać"
6,A1,"Co robisz?","zabrać","to take (away, along)","zabiorę"
6,A1,"Co robisz?","przestać","to stop (doing)","przestanę; Przestań!"
6,A1,"Co robisz?","chronić","to protect",""
6,A1,"Co robisz?","walczyć","to fight",""
6,A1,"Co robisz?","uciec","to run away, escape","uciekać"
6,A1,"Co robisz?","spaść","to fall","spadać"
6,A1,"Co robisz?","rosnąć","to grow",""
6,A1,"Co robisz?","kłamać","to lie (tell lies)","kłamię"
6,A1,"Co robisz?","żartować","to joke","Żartujesz!"
6,A1,"Co robisz?","mieć rację","to be right",""
6,A1,"Co robisz?","mieć szczęście","to be lucky",""
6,A1,"Co robisz?","mieć pecha","to be unlucky",""
6,A1,"Co robisz?","mieć ochotę na","to feel like (+ accusative)","Mam ochotę na kawę."
7,A1,"Gdzie jesteś?","Gdzie?","Where?",""
7,A1,"Gdzie jesteś?","praca","work",""
7,A1,"Gdzie jesteś?","szkoła","school",""
7,A1,"Gdzie jesteś?","sklep","shop",""
7,A1,"Gdzie jesteś?","miasto","city / town","⚠ SR mesto = place. Here: a town."
7,A1,"Gdzie jesteś?","kino","cinema",""
7,A1,"Gdzie jesteś?","park","park",""
7,A1,"Gdzie jesteś?","restauracja","restaurant",""
7,A1,"Gdzie jesteś?","biuro","office",""
7,A1,"Gdzie jesteś?","poczta","post office",""
7,A1,"Gdzie jesteś?","dworzec","station",""
7,A1,"Gdzie jesteś?","Polska","Poland",""
7,A1,"Gdzie jesteś?","w domu","at home",""
7,A1,"Gdzie jesteś?","jeszcze","still / yet",""
7,A1,"Gdzie jesteś?","wieczorem","in the evening",""
7,A1,"Gdzie jesteś?","centrum","city centre",""
7,A1,"Gdzie jesteś?","plac","square",""
7,A1,"Gdzie jesteś?","most","bridge",""
7,A1,"Gdzie jesteś?","teatr","theatre",""
7,A1,"Gdzie jesteś?","uniwersytet","university",""
7,A1,"Gdzie jesteś?","szpital","hospital",""
7,A1,"Gdzie jesteś?","hotel","hotel",""
7,A1,"Gdzie jesteś?","basen","swimming pool",""
7,A1,"Gdzie jesteś?","siłownia","gym",""
7,A1,"Gdzie jesteś?","stadion","stadium",""
7,A1,"Gdzie jesteś?","kawiarnia","café",""
7,A1,"Gdzie jesteś?","ogród","garden",""
7,A1,"Gdzie jesteś?","na wsi","in the countryside",""
7,A1,"Gdzie jesteś?","parking","car park",""
7,A1,"Gdzie jesteś?","biblioteka","library",""
7,A1,"Gdzie jesteś?","wieś","village; countryside","na wsi"
7,A1,"Gdzie jesteś?","budynek","building",""
7,A1,"Gdzie jesteś?","okolica","area, neighbourhood",""
7,A1,"Gdzie jesteś?","niedaleko","not far (from)",""
7,A1,"Gdzie jesteś?","wszędzie","everywhere",""
7,A1,"Gdzie jesteś?","nigdzie","nowhere","Nigdzie nie idę."
7,A1,"Gdzie jesteś?","gdzieś","somewhere",""
7,A1,"Gdzie jesteś?","w środku","inside",""
7,A1,"Gdzie jesteś?","na zewnątrz","outside",""
7,A1,"Gdzie jesteś?","centrum handlowe","shopping centre",""
7,A1,"Gdzie jesteś?","ratusz","town hall",""
7,A1,"Gdzie jesteś?","dzielnica","district",""
7,A1,"Gdzie jesteś?","przedmieście","suburb",""
7,A1,"Gdzie jesteś?","miejsce","place; seat","SR mesto"
7,A1,"Gdzie jesteś?","adres zamieszkania","home address",""
8,A1,"Co lubisz?","lubić","to like",""
8,A1,"Co lubisz?","kochać","to love",""
8,A1,"Co lubisz?","wolę","I prefer",""
8,A1,"Co lubisz?","muzyka","music",""
8,A1,"Co lubisz?","film","film",""
8,A1,"Co lubisz?","sport","sport",""
8,A1,"Co lubisz?","książka","book",""
8,A1,"Co lubisz?","jabłko","apple",""
8,A1,"Co lubisz?","ryba","fish",""
8,A1,"Co lubisz?","mięso","meat",""
8,A1,"Co lubisz?","czekolada","chocolate",""
8,A1,"Co lubisz?","bardzo","very / very much",""
8,A1,"Co lubisz?","czas","time","⚠ SR čas = lesson / hour. Here: time."
8,A1,"Co lubisz?","Nie lubię…","I don't like…",""
8,A1,"Co lubisz?","owoce","fruit",""
8,A1,"Co lubisz?","warzywa","vegetables",""
8,A1,"Co lubisz?","banan","banana",""
8,A1,"Co lubisz?","pomarańcza","orange",""
8,A1,"Co lubisz?","truskawki","strawberries",""
8,A1,"Co lubisz?","ziemniaki","potatoes",""
8,A1,"Co lubisz?","kurczak","chicken",""
8,A1,"Co lubisz?","makaron","pasta",""
8,A1,"Co lubisz?","sałatka","salad",""
8,A1,"Co lubisz?","pizza","pizza",""
8,A1,"Co lubisz?","piłka nożna","football",""
8,A1,"Co lubisz?","koszykówka","basketball",""
8,A1,"Co lubisz?","gotowanie","cooking",""
8,A1,"Co lubisz?","podróże","travelling",""
8,A1,"Co lubisz?","gry komputerowe","video games",""
8,A1,"Co lubisz?","nienawidzić","to hate","+ genitive"
8,A1,"Co lubisz?","uwielbiać","to love, adore","Uwielbiam pierogi."
8,A1,"Co lubisz?","hobby","hobby",""
8,A1,"Co lubisz?","gra","game",""
8,A1,"Co lubisz?","mecz","match (sport)",""
8,A1,"Co lubisz?","piłka","ball",""
8,A1,"Co lubisz?","czytanie","reading",""
8,A1,"Co lubisz?","fotografia","photography",""
8,A1,"Co lubisz?","rysować","to draw",""
8,A1,"Co lubisz?","malować","to paint",""
8,A1,"Co lubisz?","szynka","ham",""
8,A1,"Co lubisz?","kiełbasa","sausage",""
8,A1,"Co lubisz?","ogórek","cucumber",""
8,A1,"Co lubisz?","pomidor","tomato",""
8,A1,"Co lubisz?","gruszka","pear",""
8,A1,"Co lubisz?","winogrona","grapes",""
8,A1,"Co lubisz?","słodycze","sweets",""
8,A1,"Co lubisz?","słodki","sweet",""
8,A1,"Co lubisz?","kwaśny","sour",""
8,A1,"Co lubisz?","jagody","blueberries","⚠ SR jagode = strawberries (PL truskawki)"
9,A1,"Nie ma…","Nie ma…","There isn't / there's no…",""
9,A1,"Nie ma…","nie było…","there wasn't…",""
9,A1,"Nie ma…","potrzebować","to need (+ genitive)","potrzebuję"
9,A1,"Nie ma…","szukać","to look for (+ genitive)",""
9,A1,"Nie ma…","u","at someone's place (+ genitive)","u mamy, u lekarza"
9,A1,"Nie ma…","bez","without (+ genitive)",""
9,A1,"Nie ma…","dla","for (+ genitive)",""
9,A1,"Nie ma…","od","from someone, since (+ genitive)",""
9,A1,"Nie ma…","obok","next to (+ genitive)",""
9,A1,"Nie ma…","koło","near (+ genitive)",""
9,A1,"Nie ma…","ani","nor, (not) … or","Nie ma chleba ani masła."
9,A1,"Nie ma…","pasta do zębów","toothpaste",""
9,A1,"Nie ma…","szczoteczka do zębów","toothbrush",""
9,A1,"Nie ma…","mydło","soap",""
9,A1,"Nie ma…","szampon","shampoo",""
9,A1,"Nie ma…","krem","cream",""
9,A1,"Nie ma…","papier toaletowy","toilet paper",""
9,A1,"Nie ma…","ręcznik","towel",""
9,A1,"Nie ma…","sól","salt","feminine: tej soli"
9,A1,"Nie ma…","cukier","sugar","genitive: cukru"
9,A1,"Nie ma…","ryż","rice",""
9,A1,"Nie ma…","masło","butter",""
9,A1,"Nie ma…","ser","cheese",""
9,A1,"Nie ma…","jajko","egg",""
9,A1,"Nie ma…","kawałek","a piece",""
9,A1,"Nie ma…","opakowanie","a packet",""
9,A1,"Nie ma…","puszka","a can, a tin",""
9,A1,"Nie ma…","słoik","a jar",""
9,A1,"Nie ma…","drogeria","chemist's, drugstore",""
9,A1,"Nie ma…","lista zakupów","shopping list",""
9,A1,"Nie ma…","brakuje…","… is missing / we're short of…","Brakuje cukru."
9,A1,"Nie ma…","plasterek","a slice",""
9,A1,"Nie ma…","paczka","packet; parcel",""
9,A1,"Nie ma…","pudełko","box",""
9,A1,"Nie ma…","torba","bag",""
9,A1,"Nie ma…","brakować","to be missing, lack (+ genitive)","Brakuje mi czasu."
9,A1,"Nie ma…","ani… ani…","neither… nor…",""
9,A1,"Nie ma…","oprócz","except, apart from (+ genitive)",""
9,A1,"Nie ma…","zamiast","instead of (+ genitive)",""
9,A1,"Nie ma…","podczas","during (+ genitive)",""
9,A1,"Nie ma…","według","according to (+ genitive)",""
9,A1,"Nie ma…","wzdłuż","along (+ genitive)",""
9,A1,"Nie ma…","olej","oil",""
9,A1,"Nie ma…","mąka","flour",""
10,A1,"Kiedy się widzimy?","poniedziałek","Monday",""
10,A1,"Kiedy się widzimy?","wtorek","Tuesday",""
10,A1,"Kiedy się widzimy?","środa","Wednesday",""
10,A1,"Kiedy się widzimy?","czwartek","Thursday",""
10,A1,"Kiedy się widzimy?","piątek","Friday",""
10,A1,"Kiedy się widzimy?","sobota","Saturday",""
10,A1,"Kiedy się widzimy?","niedziela","Sunday",""
10,A1,"Kiedy się widzimy?","dzisiaj","today",""
10,A1,"Kiedy się widzimy?","jutro","tomorrow","⚠ SR jutro = morning. Polish 'morning' is rano."
10,A1,"Kiedy się widzimy?","wczoraj","yesterday",""
10,A1,"Kiedy się widzimy?","rano","in the morning","SR jutro. Polish jutro = tomorrow!"
10,A1,"Kiedy się widzimy?","tydzień","week",""
10,A1,"Kiedy się widzimy?","Która godzina?","What time is it?",""
10,A1,"Kiedy się widzimy?","teraz","now",""
10,A1,"Kiedy się widzimy?","przed południem","in the morning (before noon)",""
10,A1,"Kiedy się widzimy?","minuta","minute",""
10,A1,"Kiedy się widzimy?","godzina","hour","⚠ Not 'year' (SR godina). Year = rok."
10,A1,"Kiedy się widzimy?","kwadrans","a quarter of an hour",""
10,A1,"Kiedy się widzimy?","wpół do…","half past… (wpół do ósmej = 7:30)",""
10,A1,"Kiedy się widzimy?","za pięć ósma","five to eight",""
10,A1,"Kiedy się widzimy?","pięć po ósmej","five past eight",""
10,A1,"Kiedy się widzimy?","dzień","day",""
10,A1,"Kiedy się widzimy?","miesiąc","month",""
10,A1,"Kiedy się widzimy?","przedwczoraj","the day before yesterday",""
10,A1,"Kiedy się widzimy?","spóźnić się","to be late",""
10,A1,"Kiedy się widzimy?","punktualnie","on time",""
10,A1,"Kiedy się widzimy?","zegarek","watch",""
10,A1,"Kiedy się widzimy?","kalendarz","calendar",""
10,A1,"Kiedy się widzimy?","Ile czasu?","How much time?",""
10,A1,"Kiedy się widzimy?","o północy","at midnight",""
10,A1,"Kiedy się widzimy?","wtedy","then, at that time",""
10,A1,"Kiedy się widzimy?","zaraz","in a moment",""
10,A1,"Kiedy się widzimy?","wkrótce","soon",""
10,A1,"Kiedy się widzimy?","niedługo","soon, before long",""
10,A1,"Kiedy się widzimy?","dawno","a long time ago",""
10,A1,"Kiedy się widzimy?","niedawno","recently",""
10,A1,"Kiedy się widzimy?","czasem","sometimes",""
10,A1,"Kiedy się widzimy?","rzadko","rarely",""
10,A1,"Kiedy się widzimy?","od razu","straight away",""
10,A1,"Kiedy się widzimy?","natychmiast","immediately",""
10,A1,"Kiedy się widzimy?","za chwilę","in a moment",""
10,A1,"Kiedy się widzimy?","chwila","a moment","Chwileczkę!"
10,A1,"Kiedy się widzimy?","moment","moment",""
10,A1,"Kiedy się widzimy?","sekunda","second",""
10,A1,"Kiedy się widzimy?","dziś","today",""
10,A1,"Kiedy się widzimy?","weekend","weekend","w weekend"
11,A1,"Pory roku i święta","styczeń","January",""
11,A1,"Pory roku i święta","luty","February",""
11,A1,"Pory roku i święta","marzec","March",""
11,A1,"Pory roku i święta","kwiecień","April",""
11,A1,"Pory roku i święta","maj","May",""
11,A1,"Pory roku i święta","czerwiec","June",""
11,A1,"Pory roku i święta","lipiec","July",""
11,A1,"Pory roku i święta","sierpień","August",""
11,A1,"Pory roku i święta","wrzesień","September",""
11,A1,"Pory roku i święta","październik","October",""
11,A1,"Pory roku i święta","listopad","November",""
11,A1,"Pory roku i święta","grudzień","December",""
11,A1,"Pory roku i święta","wiosna","spring",""
11,A1,"Pory roku i święta","lato","summer",""
11,A1,"Pory roku i święta","jesień","autumn",""
11,A1,"Pory roku i święta","zima","winter",""
11,A1,"Pory roku i święta","Jaka jest pogoda?","What's the weather like?",""
11,A1,"Pory roku i święta","słońce","sun",""
11,A1,"Pory roku i święta","deszcz","rain",""
11,A1,"Pory roku i święta","śnieg","snow",""
11,A1,"Pory roku i święta","wiatr","wind",""
11,A1,"Pory roku i święta","Pada deszcz.","It's raining.",""
11,A1,"Pory roku i święta","Jest ciepło / zimno.","It's warm / cold.",""
11,A1,"Pory roku i święta","stopień","degree","Jest dwadzieścia stopni."
11,A1,"Pory roku i święta","imieniny","name day","plural only"
11,A1,"Pory roku i święta","święto","holiday, festival",""
11,A1,"Pory roku i święta","Boże Narodzenie","Christmas",""
11,A1,"Pory roku i święta","Wielkanoc","Easter",""
11,A1,"Pory roku i święta","Nowy Rok","New Year's Day",""
11,A1,"Pory roku i święta","sylwester","New Year's Eve",""
11,A1,"Pory roku i święta","Wszystkiego najlepszego!","All the best! (wishes)",""
11,A1,"Pory roku i święta","Wesołych Świąt!","Merry Christmas! / Happy Easter!",""
11,A1,"Pory roku i święta","Kiedy masz urodziny?","When is your birthday?",""
11,A1,"Pory roku i święta","pierwszy, drugi, trzeci","first, second, third",""
11,A1,"Pory roku i święta","chmura","cloud",""
11,A1,"Pory roku i święta","burza","storm",""
11,A1,"Pory roku i święta","mgła","fog",""
11,A1,"Pory roku i święta","mróz","frost",""
11,A1,"Pory roku i święta","upał","heatwave, heat",""
11,A1,"Pory roku i święta","temperatura","temperature",""
11,A1,"Pory roku i święta","pochmurno","cloudy",""
11,A1,"Pory roku i święta","słonecznie","sunny",""
11,A1,"Pory roku i święta","Szczęśliwego Nowego Roku!","Happy New Year!",""
11,A1,"Pory roku i święta","Sto lat!","Happy birthday! (a hundred years)",""
11,A1,"Pory roku i święta","dzień wolny","day off",""
11,A1,"Pory roku i święta","Wigilia","Christmas Eve",""
11,A1,"Pory roku i święta","rocznica","anniversary",""
12,A1,"Jaki? Jaka? Jakie?","dobry","good",""
12,A1,"Jaki? Jaka? Jakie?","zły","bad",""
12,A1,"Jaki? Jaka? Jakie?","duży","big",""
12,A1,"Jaki? Jaka? Jakie?","mały","small",""
12,A1,"Jaki? Jaka? Jakie?","nowy","new",""
12,A1,"Jaki? Jaka? Jakie?","stary","old",""
12,A1,"Jaki? Jaka? Jakie?","ładny","pretty / nice",""
12,A1,"Jaki? Jaka? Jakie?","drogi","expensive",""
12,A1,"Jaki? Jaka? Jakie?","tani","cheap",""
12,A1,"Jaki? Jaka? Jakie?","czerwony","red",""
12,A1,"Jaki? Jaka? Jakie?","biały","white",""
12,A1,"Jaki? Jaka? Jakie?","zielony","green",""
12,A1,"Jaki? Jaka? Jakie?","niebieski","blue",""
12,A1,"Jaki? Jaka? Jakie?","czarny","black",""
12,A1,"Jaki? Jaka? Jakie?","kurtka","jacket",""
12,A1,"Jaki? Jaka? Jakie?","żółty","yellow",""
12,A1,"Jaki? Jaka? Jakie?","brązowy","brown",""
12,A1,"Jaki? Jaka? Jakie?","szary","grey",""
12,A1,"Jaki? Jaka? Jakie?","różowy","pink",""
12,A1,"Jaki? Jaka? Jakie?","pomarańczowy","orange (colour)",""
12,A1,"Jaki? Jaka? Jakie?","fioletowy","purple",""
12,A1,"Jaki? Jaka? Jakie?","kolorowy","colourful",""
12,A1,"Jaki? Jaka? Jakie?","jasny / ciemny","light / dark",""
12,A1,"Jaki? Jaka? Jakie?","nudny","boring",""
12,A1,"Jaki? Jaka? Jakie?","ciężki / lekki","heavy / light",""
12,A1,"Jaki? Jaka? Jakie?","szeroki / wąski","wide / narrow",""
12,A1,"Jaki? Jaka? Jakie?","długi / krótki","long / short",""
12,A1,"Jaki? Jaka? Jakie?","piękny","beautiful",""
12,A1,"Jaki? Jaka? Jakie?","brzydki","ugly",""
12,A1,"Jaki? Jaka? Jakie?","wygodny","comfortable",""
12,A1,"Jaki? Jaka? Jakie?","modny","fashionable",""
12,A1,"Jaki? Jaka? Jakie?","ważny","important",""
12,A1,"Jaki? Jaka? Jakie?","prawdziwy","real, true",""
12,A1,"Jaki? Jaka? Jakie?","dziwny","strange",""
12,A1,"Jaki? Jaka? Jakie?","prosty","simple; straight",""
12,A1,"Jaki? Jaka? Jakie?","wolny","free; slow",""
12,A1,"Jaki? Jaka? Jakie?","zajęty","busy, occupied",""
12,A1,"Jaki? Jaka? Jakie?","pełny","full",""
12,A1,"Jaki? Jaka? Jakie?","pusty","empty",""
12,A1,"Jaki? Jaka? Jakie?","czysty","clean",""
12,A1,"Jaki? Jaka? Jakie?","brudny","dirty",""
12,A1,"Jaki? Jaka? Jakie?","cichy","quiet",""
12,A1,"Jaki? Jaka? Jakie?","głośny","loud",""
12,A1,"Jaki? Jaka? Jakie?","bezpieczny","safe",""
12,A1,"Jaki? Jaka? Jakie?","niebezpieczny","dangerous",""
12,A1,"Jaki? Jaka? Jakie?","gotowy","ready",""
12,A1,"Jaki? Jaka? Jakie?","możliwy","possible",""
12,A1,"Jaki? Jaka? Jakie?","potrzebny","needed",""
12,A1,"Jaki? Jaka? Jakie?","własny","own",""
12,A1,"Jaki? Jaka? Jakie?","różny","various, different",""
12,A1,"Jaki? Jaka? Jakie?","jedyny","the only",""
12,A1,"Jaki? Jaka? Jakie?","świeży","fresh",""
12,A1,"Jaki? Jaka? Jakie?","czerstwy","stale (bread)","⚠ SR čvrst = firm"
13,A1,"Jak wygląda? Jaki jest?","wysoki","tall",""
13,A1,"Jak wygląda? Jaki jest?","niski","short (person)",""
13,A1,"Jak wygląda? Jaki jest?","szczupły","slim",""
13,A1,"Jak wygląda? Jaki jest?","gruby","fat","can sound rude about people"
13,A1,"Jak wygląda? Jaki jest?","młody","young",""
13,A1,"Jak wygląda? Jaki jest?","włosy","hair","always plural: włosy są…"
13,A1,"Jak wygląda? Jaki jest?","oczy","eyes","singular: oko"
13,A1,"Jak wygląda? Jaki jest?","krótkie / długie włosy","short / long hair",""
13,A1,"Jak wygląda? Jaki jest?","blondyn / blondynka","blond man / woman",""
13,A1,"Jak wygląda? Jaki jest?","brunet / brunetka","dark-haired man / woman",""
13,A1,"Jak wygląda? Jaki jest?","broda","beard",""
13,A1,"Jak wygląda? Jaki jest?","okulary","glasses","plural only"
13,A1,"Jak wygląda? Jaki jest?","miły","nice, kind",""
13,A1,"Jak wygląda? Jaki jest?","sympatyczny","likeable",""
13,A1,"Jak wygląda? Jaki jest?","wesoły","cheerful",""
13,A1,"Jak wygląda? Jaki jest?","smutny","sad",""
13,A1,"Jak wygląda? Jaki jest?","spokojny","calm",""
13,A1,"Jak wygląda? Jaki jest?","nerwowy","nervous",""
13,A1,"Jak wygląda? Jaki jest?","mądry","wise, clever",""
13,A1,"Jak wygląda? Jaki jest?","leniwy","lazy",""
13,A1,"Jak wygląda? Jaki jest?","pracowity","hard-working",""
13,A1,"Jak wygląda? Jaki jest?","ubranie","clothes, an outfit",""
13,A1,"Jak wygląda? Jaki jest?","spodnie","trousers","plural only"
13,A1,"Jak wygląda? Jaki jest?","koszula","shirt",""
13,A1,"Jak wygląda? Jaki jest?","sukienka","dress",""
13,A1,"Jak wygląda? Jaki jest?","sweter","jumper, sweater",""
13,A1,"Jak wygląda? Jaki jest?","buty","shoes",""
13,A1,"Jak wygląda? Jaki jest?","czapka","cap, woolly hat",""
13,A1,"Jak wygląda? Jaki jest?","płaszcz","coat",""
13,A1,"Jak wygląda? Jaki jest?","dżinsy","jeans",""
13,A1,"Jak wygląda? Jaki jest?","nosić","to wear (usually)","noszę, nosisz"
13,A1,"Jak wygląda? Jaki jest?","mieć na sobie","to be wearing (now)",""
13,A1,"Jak wygląda? Jaki jest?","Jak on wygląda?","What does he look like?",""
13,A1,"Jak wygląda? Jaki jest?","szczęśliwy","happy",""
13,A1,"Jak wygląda? Jaki jest?","zdenerwowany","upset, nervous",""
13,A1,"Jak wygląda? Jaki jest?","zadowolony","pleased, satisfied",""
13,A1,"Jak wygląda? Jaki jest?","zakochany","in love",""
13,A1,"Jak wygląda? Jaki jest?","głodny","hungry",""
13,A1,"Jak wygląda? Jaki jest?","spragniony","thirsty",""
13,A1,"Jak wygląda? Jaki jest?","uprzejmy","polite",""
13,A1,"Jak wygląda? Jaki jest?","głupi","stupid, silly",""
13,A1,"Jak wygląda? Jaki jest?","odważny","brave",""
13,A1,"Jak wygląda? Jaki jest?","nieśmiały","shy",""
13,A1,"Jak wygląda? Jaki jest?","zabawny","funny",""
13,A1,"Jak wygląda? Jaki jest?","poważny","serious",""
13,A1,"Jak wygląda? Jaki jest?","uczciwy","honest",""
13,A1,"Jak wygląda? Jaki jest?","cierpliwy","patient",""
13,A1,"Jak wygląda? Jaki jest?","wąsy","moustache",""
13,A1,"Jak wygląda? Jaki jest?","wzrost","height",""
13,A1,"Jak wygląda? Jaki jest?","twarz","face","SR lice"
13,A1,"Jak wygląda? Jaki jest?","płakać","to cry","płaczę"
13,A1,"Jak wygląda? Jaki jest?","śmiać się","to laugh","śmieję się"
13,A1,"Jak wygląda? Jaki jest?","krzyczeć","to shout",""
13,A1,"Jak wygląda? Jaki jest?","całować","to kiss",""
13,A1,"Jak wygląda? Jaki jest?","przytulić","to hug",""
13,A1,"Jak wygląda? Jaki jest?","kłócić się","to argue",""
13,A1,"Jak wygląda? Jaki jest?","przepraszać","to apologise","perf. przeprosić"
13,A1,"Jak wygląda? Jaki jest?","wybaczyć","to forgive",""
13,A1,"Jak wygląda? Jaki jest?","bać się","to be afraid (+ genitive)","Boję się psów."
13,A1,"Jak wygląda? Jaki jest?","wstydzić się","to be ashamed",""
13,A1,"Jak wygląda? Jaki jest?","tęsknić za","to miss (+ instrumental)","Tęsknię za domem."
13,A1,"Jak wygląda? Jaki jest?","zależeć","to matter (+ dative)","Zależy mi na tym."
13,A1,"Jak wygląda? Jaki jest?","złość","anger",""
13,A1,"Jak wygląda? Jaki jest?","radość","joy",""
13,A1,"Jak wygląda? Jaki jest?","strach","fear",""
14,A1,"Dokąd idziesz?","iść","to go (on foot)",""
14,A1,"Dokąd idziesz?","jechać","to go (by vehicle)",""
14,A1,"Dokąd idziesz?","Dokąd?","Where to?",""
14,A1,"Dokąd idziesz?","do","to (a place)",""
14,A1,"Dokąd idziesz?","autobus","bus",""
14,A1,"Dokąd idziesz?","tramwaj","tram",""
14,A1,"Dokąd idziesz?","pociąg","train",""
14,A1,"Dokąd idziesz?","samochód","car",""
14,A1,"Dokąd idziesz?","pieszo","on foot",""
14,A1,"Dokąd idziesz?","daleko","far",""
14,A1,"Dokąd idziesz?","blisko","near",""
14,A1,"Dokąd idziesz?","prosto","straight on","SR pravo. Polish prawo = right / law."
14,A1,"Dokąd idziesz?","w lewo","(to the) left",""
14,A1,"Dokąd idziesz?","w prawo","(to the) right","⚠ SR pravo = straight on. Here: to the right."
14,A1,"Dokąd idziesz?","przystanek","(bus / tram) stop",""
14,A1,"Dokąd idziesz?","metro","underground, metro",""
14,A1,"Dokąd idziesz?","taksówka","taxi",""
14,A1,"Dokąd idziesz?","statek","ship",""
14,A1,"Dokąd idziesz?","wsiadać / wysiadać","to get on / to get off",""
14,A1,"Dokąd idziesz?","skrzyżowanie","crossroads",""
14,A1,"Dokąd idziesz?","światła","traffic lights",""
14,A1,"Dokąd idziesz?","na rogu","on the corner",""
14,A1,"Dokąd idziesz?","naprzeciwko","opposite (+ genitive)",""
14,A1,"Dokąd idziesz?","przejście dla pieszych","pedestrian crossing",""
14,A1,"Dokąd idziesz?","rondo","roundabout",""
14,A1,"Dokąd idziesz?","mapa","map",""
14,A1,"Dokąd idziesz?","zgubić się","to get lost",""
14,A1,"Dokąd idziesz?","Jak dojść do…?","How do I get to… (on foot)?",""
14,A1,"Dokąd idziesz?","Jak dojechać do…?","How do I get to… (by transport)?",""
14,A1,"Dokąd idziesz?","chodzić","to go, walk (regularly)","Chodzę do pracy pieszo."
14,A1,"Dokąd idziesz?","jeździć","to go, ride (regularly)","Jeżdżę do pracy autobusem."
14,A1,"Dokąd idziesz?","wejść / wchodzić","to go in, enter","do + genitive"
14,A1,"Dokąd idziesz?","wyjść / wychodzić","to go out, leave","z + genitive"
14,A1,"Dokąd idziesz?","przyjechać / przyjeżdżać","to arrive (by vehicle)",""
14,A1,"Dokąd idziesz?","wyjechać / wyjeżdżać","to leave (by vehicle)",""
14,A1,"Dokąd idziesz?","dojść / dochodzić","to reach (on foot)",""
14,A1,"Dokąd idziesz?","dojechać / dojeżdżać","to get to (by vehicle)",""
14,A1,"Dokąd idziesz?","pójść","to go (once, on foot)","pójdę"
14,A1,"Dokąd idziesz?","przejść / przechodzić","to cross, walk across",""
14,A1,"Dokąd idziesz?","skręcić / skręcać","to turn","skręć w lewo"
14,A1,"Dokąd idziesz?","z powrotem","back",""
14,A1,"Dokąd idziesz?","samochodem","by car",""
14,A1,"Dokąd idziesz?","droga","road; way","⚠ Not 'drug' (SR droga). A road; also 'expensive' (f.)."
14,A1,"Dokąd idziesz?","autostrada","motorway",""
14,A1,"Dokąd idziesz?","korek","traffic jam",""
14,A1,"Dokąd idziesz?","kierunek","direction",""
15,A1,"Na dworcu i na lotnisku","dworzec kolejowy","train station",""
15,A1,"Na dworcu i na lotnisku","dworzec autobusowy","bus station",""
15,A1,"Na dworcu i na lotnisku","lotnisko","airport",""
15,A1,"Na dworcu i na lotnisku","peron","platform",""
15,A1,"Na dworcu i na lotnisku","tor","track",""
15,A1,"Na dworcu i na lotnisku","kasa biletowa","ticket office",""
15,A1,"Na dworcu i na lotnisku","bilet","ticket","SR karta. Polish karta = a card or map."
15,A1,"Na dworcu i na lotnisku","bilet w jedną stronę","one-way ticket",""
15,A1,"Na dworcu i na lotnisku","bilet powrotny","return ticket",""
15,A1,"Na dworcu i na lotnisku","normalny / ulgowy","full fare / reduced fare",""
15,A1,"Na dworcu i na lotnisku","miejscówka","seat reservation",""
15,A1,"Na dworcu i na lotnisku","odjazd","departure (train, bus)",""
15,A1,"Na dworcu i na lotnisku","przyjazd","arrival (train, bus)",""
15,A1,"Na dworcu i na lotnisku","odlot / przylot","departure / arrival (plane)",""
15,A1,"Na dworcu i na lotnisku","samolot","plane",""
15,A1,"Na dworcu i na lotnisku","lot","flight",""
15,A1,"Na dworcu i na lotnisku","opóźnienie","delay",""
15,A1,"Na dworcu i na lotnisku","odwołany","cancelled",""
15,A1,"Na dworcu i na lotnisku","rozkład jazdy","timetable",""
15,A1,"Na dworcu i na lotnisku","bagaż","luggage",""
15,A1,"Na dworcu i na lotnisku","walizka","suitcase",""
15,A1,"Na dworcu i na lotnisku","plecak","rucksack",""
15,A1,"Na dworcu i na lotnisku","paszport","passport",""
15,A1,"Na dworcu i na lotnisku","przesiadka","change, connection",""
15,A1,"Na dworcu i na lotnisku","wagon","carriage",""
15,A1,"Na dworcu i na lotnisku","odjeżdżać","to depart","odjeżdża"
15,A1,"Na dworcu i na lotnisku","przyjeżdżać","to arrive","przyjeżdża"
15,A1,"Na dworcu i na lotnisku","Z którego peronu odjeżdża…?","Which platform does … leave from?",""
15,A1,"Na dworcu i na lotnisku","Ile kosztuje bilet do…?","How much is a ticket to…?",""
15,A1,"Na dworcu i na lotnisku","Pociąg jest opóźniony.","The train is delayed.",""
15,A1,"Na dworcu i na lotnisku","Kiedy jest następny autobus?","When's the next bus?",""
15,A1,"Na dworcu i na lotnisku","odprawa","check-in",""
15,A1,"Na dworcu i na lotnisku","przylot","arrival (plane)",""
15,A1,"Na dworcu i na lotnisku","odlot","departure (plane)",""
15,A1,"Na dworcu i na lotnisku","w jedną stronę","one-way",""
15,A1,"Na dworcu i na lotnisku","ulgowy","reduced (ticket)",""
15,A1,"Na dworcu i na lotnisku","normalny","full-price (ticket); normal",""
15,A1,"Na dworcu i na lotnisku","konduktor","conductor",""
15,A1,"Na dworcu i na lotnisku","miejsce przy oknie","window seat",""
15,A1,"Na dworcu i na lotnisku","podróżny","traveller, passenger",""
16,A1,"Ile to kosztuje?","trzydzieści","30",""
16,A1,"Ile to kosztuje?","czterdzieści","40",""
16,A1,"Ile to kosztuje?","pięćdziesiąt","50",""
16,A1,"Ile to kosztuje?","sto","100",""
16,A1,"Ile to kosztuje?","złoty","złoty (currency)",""
16,A1,"Ile to kosztuje?","kosztować","to cost",""
16,A1,"Ile to kosztuje?","Ile to kosztuje?","How much is it?",""
16,A1,"Ile to kosztuje?","kupić","to buy",""
16,A1,"Ile to kosztuje?","kilo","a kilo",""
16,A1,"Ile to kosztuje?","butelka","bottle",""
16,A1,"Ile to kosztuje?","mleko","milk",""
16,A1,"Ile to kosztuje?","kartą","by card",""
16,A1,"Ile to kosztuje?","gotówką","in cash",""
16,A1,"Ile to kosztuje?","razem","together / in total",""
16,A1,"Ile to kosztuje?","sześćdziesiąt","60",""
16,A1,"Ile to kosztuje?","siedemdziesiąt","70",""
16,A1,"Ile to kosztuje?","osiemdziesiąt","80",""
16,A1,"Ile to kosztuje?","dziewięćdziesiąt","90",""
16,A1,"Ile to kosztuje?","dwieście","200",""
16,A1,"Ile to kosztuje?","tysiąc","1,000",""
16,A1,"Ile to kosztuje?","grosz","grosz (1/100 of a złoty)",""
16,A1,"Ile to kosztuje?","reszta","change (money back)",""
16,A1,"Ile to kosztuje?","paragon","receipt",""
16,A1,"Ile to kosztuje?","cena","price",""
16,A1,"Ile to kosztuje?","promocja","special offer",""
16,A1,"Ile to kosztuje?","rozmiar","size",""
16,A1,"Ile to kosztuje?","przymierzyć","to try on",""
16,A1,"Ile to kosztuje?","kasa","till, checkout",""
16,A1,"Ile to kosztuje?","litr","litre",""
16,A1,"Ile to kosztuje?","deko","10 grams","dwadzieścia deko sera"
16,A1,"Ile to kosztuje?","supermarket","supermarket",""
16,A1,"Ile to kosztuje?","targ","(open-air) market",""
16,A1,"Ile to kosztuje?","klient / klientka","customer (m / f)",""
16,A1,"Ile to kosztuje?","za darmo","for free",""
16,A1,"Ile to kosztuje?","zniżka","discount",""
16,A1,"Ile to kosztuje?","wyprzedaż","sale",""
16,A1,"Ile to kosztuje?","gotówka","cash","płacić gotówką"
16,A1,"Ile to kosztuje?","portfel","wallet",""
16,A1,"Ile to kosztuje?","przymierzalnia","fitting room",""
16,A1,"Ile to kosztuje?","zwrot","return, refund",""
16,A1,"Ile to kosztuje?","reklamacja","complaint (about a product)",""
16,A1,"Ile to kosztuje?","otwarty","open",""
16,A1,"Ile to kosztuje?","zamknięty","closed",""
16,A1,"Ile to kosztuje?","koszyk","basket",""
16,A1,"Ile to kosztuje?","wózek","trolley; pushchair",""
16,A1,"Ile to kosztuje?","Ile płacę?","How much do I pay?",""
16,A1,"Ile to kosztuje?","Reszty nie trzeba.","Keep the change.",""
17,A1,"Co robiłeś wczoraj?","byłem / byłam","I was (m / f)",""
17,A1,"Co robiłeś wczoraj?","robiłem / robiłam","I did (m / f)",""
17,A1,"Co robiłeś wczoraj?","wczoraj","yesterday",""
17,A1,"Co robiłeś wczoraj?","w weekend","at the weekend",""
17,A1,"Co robiłeś wczoraj?","potem","then / afterwards",""
17,A1,"Co robiłeś wczoraj?","najpierw","first",""
17,A1,"Co robiłeś wczoraj?","cały dzień","all day",""
17,A1,"Co robiłeś wczoraj?","spać","to sleep",""
17,A1,"Co robiłeś wczoraj?","pojechać","to go (and arrive), by vehicle",""
17,A1,"Co robiłeś wczoraj?","spotkać","to meet",""
17,A1,"Co robiłeś wczoraj?","zjeść","to eat (up)",""
17,A1,"Co robiłeś wczoraj?","obejrzeć","to watch (a film)",""
17,A1,"Co robiłeś wczoraj?","temu","ago",""
17,A1,"Co robiłeś wczoraj?","u mamy","at mum's",""
17,A1,"Co robiłeś wczoraj?","poszedłem / poszłam","I went (on foot, m / f)",""
17,A1,"Co robiłeś wczoraj?","jadłem / jadłam","I ate (m / f)",""
17,A1,"Co robiłeś wczoraj?","piłem / piłam","I drank (m / f)",""
17,A1,"Co robiłeś wczoraj?","widziałem / widziałam","I saw (m / f)",""
17,A1,"Co robiłeś wczoraj?","kupiłem / kupiłam","I bought (m / f)",""
17,A1,"Co robiłeś wczoraj?","miałem / miałam","I had (m / f)",""
17,A1,"Co robiłeś wczoraj?","chciałem / chciałam","I wanted (m / f)",""
17,A1,"Co robiłeś wczoraj?","mogłem / mogłam","I could (m / f)",""
17,A1,"Co robiłeś wczoraj?","w zeszłym tygodniu","last week",""
17,A1,"Co robiłeś wczoraj?","w zeszłym miesiącu","last month",""
17,A1,"Co robiłeś wczoraj?","koncert","concert",""
17,A1,"Co robiłeś wczoraj?","było fajnie","it was great",""
17,A1,"Co robiłeś wczoraj?","było nudno","it was boring",""
17,A1,"Co robiłeś wczoraj?","spacer","a walk",""
17,A1,"Co robiłeś wczoraj?","zrobić zakupy","to do the shopping",""
17,A1,"Co robiłeś wczoraj?","zeszły","last (week, year)","w zeszłym roku"
17,A1,"Co robiłeś wczoraj?","festiwal","festival",""
17,A1,"Co robiłeś wczoraj?","wystawa","exhibition",""
17,A1,"Co robiłeś wczoraj?","spędzić","to spend (time)","spędzać"
17,A1,"Co robiłeś wczoraj?","odpocząć","to rest (perf.)",""
17,A1,"Co robiłeś wczoraj?","bawić się","to have fun; to play",""
17,A1,"Co robiłeś wczoraj?","Jak było?","How was it?",""
17,A1,"Co robiłeś wczoraj?","Co słychać?","What's new?",""
17,A1,"Co robiłeś wczoraj?","zdarzyć się","to happen","Co się stało?"
17,A1,"Co robiłeś wczoraj?","stać się","to happen; to become",""
17,A1,"Co robiłeś wczoraj?","zrobiłem / zrobiłam","I did (m / f)",""
17,A1,"Co robiłeś wczoraj?","powiedziałem / powiedziałam","I said (m / f)",""
17,A1,"Co robiłeś wczoraj?","wróciłem / wróciłam","I came back (m / f)",""
17,A1,"Co robiłeś wczoraj?","przyszedłem / przyszłam","I came (m / f)",""
17,A1,"Co robiłeś wczoraj?","zobaczyłem / zobaczyłam","I saw (m / f)",""
18,A1,"Kim jesteś z zawodu?","nauczyciel / nauczycielka","teacher (m / f)",""
18,A1,"Kim jesteś z zawodu?","lekarz / lekarka","doctor (m / f)",""
18,A1,"Kim jesteś z zawodu?","student / studentka","student (m / f)",""
18,A1,"Kim jesteś z zawodu?","inżynier","engineer",""
18,A1,"Kim jesteś z zawodu?","programista / programistka","programmer (m / f)",""
18,A1,"Kim jesteś z zawodu?","kierowca","driver","masculine, even though it ends in -a"
18,A1,"Kim jesteś z zawodu?","zawód","profession",""
18,A1,"Kim jesteś z zawodu?","Kim jesteś z zawodu?","What do you do for a living?",""
18,A1,"Kim jesteś z zawodu?","Z kim?","With whom?",""
18,A1,"Kim jesteś z zawodu?","z (+ narzędnik)","with",""
18,A1,"Kim jesteś z zawodu?","interesować się","to be interested in (+ instrumental)",""
18,A1,"Kim jesteś z zawodu?","firma","company",""
18,A1,"Kim jesteś z zawodu?","szef / szefowa","boss (m / f)",""
18,A1,"Kim jesteś z zawodu?","zostać","to become",""
18,A1,"Kim jesteś z zawodu?","kucharz / kucharka","cook (m / f)",""
18,A1,"Kim jesteś z zawodu?","pielęgniarz / pielęgniarka","nurse (m / f)",""
18,A1,"Kim jesteś z zawodu?","policjant / policjantka","police officer (m / f)",""
18,A1,"Kim jesteś z zawodu?","sprzedawca / sprzedawczyni","shop assistant (m / f)",""
18,A1,"Kim jesteś z zawodu?","prawnik / prawniczka","lawyer (m / f)",""
18,A1,"Kim jesteś z zawodu?","księgowy / księgowa","accountant (m / f)",""
18,A1,"Kim jesteś z zawodu?","dziennikarz / dziennikarka","journalist (m / f)",""
18,A1,"Kim jesteś z zawodu?","aktor / aktorka","actor / actress",""
18,A1,"Kim jesteś z zawodu?","architekt","architect",""
18,A1,"Kim jesteś z zawodu?","mechanik","mechanic",""
18,A1,"Kim jesteś z zawodu?","rolnik","farmer",""
18,A1,"Kim jesteś z zawodu?","emeryt / emerytka","pensioner (m / f)",""
18,A1,"Kim jesteś z zawodu?","bezrobotny","unemployed",""
18,A1,"Kim jesteś z zawodu?","pracownik","employee",""
18,A1,"Kim jesteś z zawodu?","zarabiać","to earn",""
18,A1,"Kim jesteś z zawodu?","fabryka","factory",""
18,A1,"Kim jesteś z zawodu?","pensja","salary",""
18,A1,"Kim jesteś z zawodu?","wypłata","pay, payout",""
18,A1,"Kim jesteś z zawodu?","zwolnienie lekarskie","sick leave",""
18,A1,"Kim jesteś z zawodu?","rozmowa kwalifikacyjna","job interview",""
18,A1,"Kim jesteś z zawodu?","CV","CV",""
18,A1,"Kim jesteś z zawodu?","doświadczenie","experience",""
18,A1,"Kim jesteś z zawodu?","kandydat","candidate",""
18,A1,"Kim jesteś z zawodu?","zatrudnić","to employ, hire",""
18,A1,"Kim jesteś z zawodu?","zwolnić","to dismiss, fire; to slow down",""
18,A1,"Kim jesteś z zawodu?","na pełny etat","full-time",""
18,A1,"Kim jesteś z zawodu?","na pół etatu","part-time",""
18,A1,"Kim jesteś z zawodu?","zmiana","shift; change",""
18,A1,"Kim jesteś z zawodu?","nadgodziny","overtime",""
18,A1,"Kim jesteś z zawodu?","zebranie","meeting (at work)",""
18,A1,"Kim jesteś z zawodu?","projekt","project",""
18,A1,"Kim jesteś z zawodu?","zadanie","task",""
18,A1,"Kim jesteś z zawodu?","termin","deadline; appointment",""
18,A1,"Kim jesteś z zawodu?","wolne","time off",""
18,A1,"Kim jesteś z zawodu?","kolega z pracy","colleague",""
18,A1,"Kim jesteś z zawodu?","praca zdalna","remote work",""
19,A1,"Mój dom","łazienka","bathroom",""
19,A1,"Mój dom","sypialnia","bedroom",""
19,A1,"Mój dom","salon","living room",""
19,A1,"Mój dom","przedpokój","hall",""
19,A1,"Mój dom","balkon","balcony",""
19,A1,"Mój dom","piętro","floor, storey","na pierwszym piętrze"
19,A1,"Mój dom","parter","ground floor",""
19,A1,"Mój dom","winda","lift",""
19,A1,"Mój dom","schody","stairs","plural only"
19,A1,"Mój dom","stół","table",""
19,A1,"Mój dom","łóżko","bed",""
19,A1,"Mój dom","szafa","wardrobe",""
19,A1,"Mój dom","półka","shelf",""
19,A1,"Mój dom","biurko","desk",""
19,A1,"Mój dom","fotel","armchair",""
19,A1,"Mój dom","kanapa","sofa",""
19,A1,"Mój dom","lampa","lamp",""
19,A1,"Mój dom","dywan","rug",""
19,A1,"Mój dom","obraz","picture, painting",""
19,A1,"Mój dom","lodówka","fridge",""
19,A1,"Mój dom","kuchenka","cooker",""
19,A1,"Mój dom","pralka","washing machine",""
19,A1,"Mój dom","telewizor","TV set",""
19,A1,"Mój dom","komputer","computer",""
19,A1,"Mój dom","klucze","keys",""
19,A1,"Mój dom","na","on (+ locative)",""
19,A1,"Mój dom","pod","under (+ instrumental)",""
19,A1,"Mój dom","nad","above (+ instrumental)",""
19,A1,"Mój dom","za","behind (+ instrumental)",""
19,A1,"Mój dom","przed","in front of (+ instrumental)",""
19,A1,"Mój dom","między","between (+ instrumental)",""
19,A1,"Mój dom","w rogu","in the corner",""
19,A1,"Mój dom","na ścianie","on the wall",""
19,A1,"Mój dom","klucz","key",""
19,A1,"Mój dom","ściana","wall",""
19,A1,"Mój dom","podłoga","floor (surface)",""
19,A1,"Mój dom","sufit","ceiling",""
19,A1,"Mój dom","meble","furniture",""
19,A1,"Mój dom","zmywarka","dishwasher",""
19,A1,"Mój dom","zasłony","curtains",""
19,A1,"Mój dom","poduszka","pillow",""
19,A1,"Mój dom","kołdra","duvet",""
19,A1,"Mój dom","gniazdko","socket",""
19,A1,"Mój dom","kran","tap",""
19,A1,"Mój dom","prysznic","shower",""
20,A1,"Muszę, mogę, chcę","chcieć","to want",""
20,A1,"Muszę, mogę, chcę","móc","can / to be able to",""
20,A1,"Muszę, mogę, chcę","musieć","must / to have to",""
20,A1,"Muszę, mogę, chcę","umieć","to know how to (a skill)",""
20,A1,"Muszę, mogę, chcę","woleć","to prefer",""
20,A1,"Muszę, mogę, chcę","trzeba","it's necessary / one has to",""
20,A1,"Muszę, mogę, chcę","można","one can / it's allowed",""
20,A1,"Muszę, mogę, chcę","nie wolno","it's not allowed",""
20,A1,"Muszę, mogę, chcę","pomóc","to help",""
20,A1,"Muszę, mogę, chcę","zapłacić","to pay",""
20,A1,"Muszę, mogę, chcę","zadzwonić","to phone",""
20,A1,"Muszę, mogę, chcę","wrócić","to come back",""
20,A1,"Muszę, mogę, chcę","niestety","unfortunately",""
20,A1,"Muszę, mogę, chcę","oczywiście","of course",""
20,A1,"Muszę, mogę, chcę","dzisiaj wieczorem","this evening",""
20,A1,"Muszę, mogę, chcę","powinienem / powinnam","I should (m / f)",""
20,A1,"Muszę, mogę, chcę","warto","it's worth it",""
20,A1,"Muszę, mogę, chcę","spróbować","to try",""
20,A1,"Muszę, mogę, chcę","prowadzić samochód","to drive a car",""
20,A1,"Muszę, mogę, chcę","zdążyć","to make it in time",""
20,A1,"Muszę, mogę, chcę","pozwolić","to allow",""
20,A1,"Muszę, mogę, chcę","Czy mogę…?","May I…?",""
20,A1,"Muszę, mogę, chcę","Czy można…?","Is it possible / allowed to…?",""
20,A1,"Muszę, mogę, chcę","zakaz","ban, no…",""
20,A1,"Muszę, mogę, chcę","Palenie wzbronione","No smoking (sign)",""
20,A1,"Muszę, mogę, chcę","Wstęp wolny","Free entry",""
20,A1,"Muszę, mogę, chcę","Nie dotykać","Do not touch",""
20,A1,"Muszę, mogę, chcę","Pchać / Ciągnąć","Push / Pull (on doors)",""
20,A1,"Muszę, mogę, chcę","Wejście / Wyjście","Entrance / Exit",""
20,A1,"Muszę, mogę, chcę","Czynne / Nieczynne","Open / Closed",""
20,A1,"Muszę, mogę, chcę","Zajęte","Occupied",""
20,A1,"Muszę, mogę, chcę","należy","one should (formal)",""
20,A1,"Muszę, mogę, chcę","zabronione","forbidden",""
20,A1,"Muszę, mogę, chcę","Zakaz parkowania","No parking",""
20,A1,"Muszę, mogę, chcę","ostrożnie","carefully",""
20,A1,"Muszę, mogę, chcę","prawo jazdy","driving licence",""
20,A1,"Muszę, mogę, chcę","zasada","rule",""
20,A1,"Muszę, mogę, chcę","mandat","fine (penalty)",""
20,A1,"Muszę, mogę, chcę","kara","punishment, penalty",""
20,A1,"Muszę, mogę, chcę","pozwolenie","permission, permit",""
20,A1,"Muszę, mogę, chcę","dać radę","to manage, cope","Dam radę!"
20,A1,"Muszę, mogę, chcę","Nie dam rady.","I can't make it.",""
20,A1,"Muszę, mogę, chcę","udać się","to succeed (it works out)","Udało mi się!"
20,A1,"Muszę, mogę, chcę","obowiązek","duty, obligation",""
20,A1,"Muszę, mogę, chcę","możliwość","possibility",""
20,A1,"Muszę, mogę, chcę","Czy mogę wejść?","May I come in?",""
20,A1,"Muszę, mogę, chcę","Nie wolno tu parkować.","You can't park here.",""
21,A1,"U lekarza i w aptece","głowa","head",""
21,A1,"U lekarza i w aptece","gardło","throat",""
21,A1,"U lekarza i w aptece","brzuch","stomach, belly",""
21,A1,"U lekarza i w aptece","plecy","back","plural only"
21,A1,"U lekarza i w aptece","ręka","hand, arm","plural: ręce · ⚠ SR reka = river. Here: hand."
21,A1,"U lekarza i w aptece","noga","leg, foot",""
21,A1,"U lekarza i w aptece","oko","eye","plural: oczy"
21,A1,"U lekarza i w aptece","ucho","ear","plural: uszy"
21,A1,"U lekarza i w aptece","ząb","tooth",""
21,A1,"U lekarza i w aptece","serce","heart",""
21,A1,"U lekarza i w aptece","Boli mnie…","My … hurts",""
21,A1,"U lekarza i w aptece","Bolą mnie…","My … hurt (plural)",""
21,A1,"U lekarza i w aptece","Jak się czujesz?","How do you feel?",""
21,A1,"U lekarza i w aptece","Czuję się źle.","I feel unwell.",""
21,A1,"U lekarza i w aptece","chory / chora","ill (m / f)",""
21,A1,"U lekarza i w aptece","zdrowy","healthy",""
21,A1,"U lekarza i w aptece","gorączka","fever, temperature",""
21,A1,"U lekarza i w aptece","kaszel","cough",""
21,A1,"U lekarza i w aptece","katar","runny nose",""
21,A1,"U lekarza i w aptece","przeziębienie","a cold",""
21,A1,"U lekarza i w aptece","grypa","flu",""
21,A1,"U lekarza i w aptece","przychodnia","clinic, health centre",""
21,A1,"U lekarza i w aptece","wizyta","appointment, visit",""
21,A1,"U lekarza i w aptece","recepta","prescription",""
21,A1,"U lekarza i w aptece","apteka","pharmacy",""
21,A1,"U lekarza i w aptece","lek / lekarstwo","medicine",""
21,A1,"U lekarza i w aptece","tabletka","tablet, pill",""
21,A1,"U lekarza i w aptece","syrop","syrup",""
21,A1,"U lekarza i w aptece","Co panu / pani dolega?","What's the matter? (doctor)",""
21,A1,"U lekarza i w aptece","leżeć w łóżku","to stay in bed",""
21,A1,"U lekarza i w aptece","Wracaj do zdrowia!","Get well soon!",""
21,A1,"U lekarza i w aptece","zdrowie","health",""
21,A1,"U lekarza i w aptece","choroba","illness",""
21,A1,"U lekarza i w aptece","ból","pain",""
21,A1,"U lekarza i w aptece","lek","medicine",""
21,A1,"U lekarza i w aptece","pogotowie","emergency service",""
21,A1,"U lekarza i w aptece","karetka","ambulance",""
21,A1,"U lekarza i w aptece","dentysta / dentystka","dentist",""
21,A1,"U lekarza i w aptece","ubezpieczenie","insurance",""
21,A1,"U lekarza i w aptece","badanie","examination, test",""
21,A1,"U lekarza i w aptece","wynik","result",""
21,A1,"U lekarza i w aptece","ciśnienie","blood pressure",""
21,A1,"U lekarza i w aptece","alergia","allergy",""
21,A1,"U lekarza i w aptece","złamać","to break (a bone)",""
21,A1,"U lekarza i w aptece","skaleczyć się","to cut oneself",""
21,A1,"U lekarza i w aptece","ćwiczyć","to exercise; to practise",""
21,A1,"U lekarza i w aptece","trening","training session",""
21,A1,"U lekarza i w aptece","zdrowo","healthily",""
21,A1,"U lekarza i w aptece","dieta","diet",""
21,A1,"U lekarza i w aptece","waga","weight; scales",""
21,A1,"U lekarza i w aptece","schudnąć","to lose weight",""
21,A1,"U lekarza i w aptece","rzucić palenie","to quit smoking",""
21,A1,"U lekarza i w aptece","Na zdrowie!","Cheers! / Bless you!",""
22,A1,"Dwa koty, pięć kotów","kot","cat",""
22,A1,"Dwa koty, pięć kotów","pies","dog","plural: psy"
22,A1,"Dwa koty, pięć kotów","człowiek","person","plural: ludzie"
22,A1,"Dwa koty, pięć kotów","ludzie","people",""
22,A1,"Dwa koty, pięć kotów","pokój","room","plural: pokoje · SR soba. (Also 'peace'.)"
22,A1,"Dwa koty, pięć kotów","okno","window",""
22,A1,"Dwa koty, pięć kotów","drzwi","door","only exists in the plural"
22,A1,"Dwa koty, pięć kotów","mieszkanie","flat / apartment",""
22,A1,"Dwa koty, pięć kotów","krzesło","chair",""
22,A1,"Dwa koty, pięć kotów","zdjęcie","photo",""
22,A1,"Dwa koty, pięć kotów","kuchnia","kitchen",""
22,A1,"Dwa koty, pięć kotów","dużo","a lot of (+ genitive)",""
22,A1,"Dwa koty, pięć kotów","kilka","a few (+ genitive)",""
22,A1,"Dwa koty, pięć kotów","mało","few / little",""
22,A1,"Dwa koty, pięć kotów","każdy","every / each",""
22,A1,"Dwa koty, pięć kotów","para","a pair",""
22,A1,"Dwa koty, pięć kotów","sztuka","a piece, an item","dwie sztuki"
22,A1,"Dwa koty, pięć kotów","kilkanaście","a dozen or so",""
22,A1,"Dwa koty, pięć kotów","żaden / żadna / żadne","no, none",""
22,A1,"Dwa koty, pięć kotów","ci / te","these (men / other)",""
22,A1,"Dwa koty, pięć kotów","tamten / tamta / tamto","that (over there)",""
22,A1,"Dwa koty, pięć kotów","rzecz / rzeczy","thing / things",""
22,A1,"Dwa koty, pięć kotów","noc / noce","night / nights",""
22,A1,"Dwa koty, pięć kotów","dzieci","children",""
22,A1,"Dwa koty, pięć kotów","bracia","brothers",""
22,A1,"Dwa koty, pięć kotów","tygodnie","weeks",""
22,A1,"Dwa koty, pięć kotów","pieniądze","money","plural only"
22,A1,"Dwa koty, pięć kotów","garaż","garage",""
22,A1,"Dwa koty, pięć kotów","piwnica","cellar",""
22,A1,"Dwa koty, pięć kotów","ogrzewanie","heating",""
22,A1,"Dwa koty, pięć kotów","człowiek / ludzie","person / people",""
22,A1,"Dwa koty, pięć kotów","dziecko / dzieci","child / children",""
22,A1,"Dwa koty, pięć kotów","mężczyzna","man","pl. mężczyźni"
22,A1,"Dwa koty, pięć kotów","kobieta","woman",""
22,A1,"Dwa koty, pięć kotów","chłopiec","boy","pl. chłopcy"
22,A1,"Dwa koty, pięć kotów","dziewczynka","little girl",""
22,A1,"Dwa koty, pięć kotów","oko / oczy","eye / eyes",""
22,A1,"Dwa koty, pięć kotów","ucho / uszy","ear / ears",""
22,A1,"Dwa koty, pięć kotów","ręka / ręce","hand / hands","⚠ SR reka = river"
22,A1,"Dwa koty, pięć kotów","rok / lata","year / years",""
22,A1,"Dwa koty, pięć kotów","pies / psy","dog / dogs","⚠ SR pas = dog; PL pas = belt"
22,A1,"Dwa koty, pięć kotów","przyjaciel / przyjaciele","friend / friends",""
22,A1,"Dwa koty, pięć kotów","tysiące","thousands",""
22,A1,"Dwa koty, pięć kotów","milion","million",""
22,A1,"Dwa koty, pięć kotów","mnóstwo","loads of (+ genitive)",""
22,A1,"Dwa koty, pięć kotów","większość","most, the majority",""
22,A1,"Dwa koty, pięć kotów","część","part",""
22,A1,"Dwa koty, pięć kotów","kilkoro","several (children)",""
23,A1,"Codziennie rano","budzić się","to wake up",""
23,A1,"Codziennie rano","wstawać","to get up","wstaję, wstajesz"
23,A1,"Codziennie rano","myć się","to wash (yourself)","myję się"
23,A1,"Codziennie rano","ubierać się","to get dressed",""
23,A1,"Codziennie rano","uczyć się","to learn / to study",""
23,A1,"Codziennie rano","nazywać się","to be called",""
23,A1,"Codziennie rano","spotykać się","to meet up",""
23,A1,"Codziennie rano","podobać się","to appeal to","Podoba mi się = I like it"
23,A1,"Codziennie rano","śniadanie","breakfast",""
23,A1,"Codziennie rano","obiad","lunch (main meal)",""
23,A1,"Codziennie rano","kolacja","dinner / supper",""
23,A1,"Codziennie rano","codziennie","every day",""
23,A1,"Codziennie rano","zwykle","usually",""
23,A1,"Codziennie rano","wcześnie","early",""
23,A1,"Codziennie rano","późno","late",""
23,A1,"Codziennie rano","kąpać się","to have a bath",""
23,A1,"Codziennie rano","brać prysznic","to take a shower",""
23,A1,"Codziennie rano","czesać się","to comb your hair",""
23,A1,"Codziennie rano","golić się","to shave",""
23,A1,"Codziennie rano","malować się","to put on make-up",""
23,A1,"Codziennie rano","myć zęby","to brush your teeth",""
23,A1,"Codziennie rano","śpieszyć się","to be in a hurry",""
23,A1,"Codziennie rano","kłaść się spać","to go to bed",""
23,A1,"Codziennie rano","zasypiać","to fall asleep",""
23,A1,"Codziennie rano","prać","to do the washing",""
23,A1,"Codziennie rano","prasować","to iron",""
23,A1,"Codziennie rano","zmywać naczynia","to wash the dishes",""
23,A1,"Codziennie rano","wynosić śmieci","to take out the rubbish",""
23,A1,"Codziennie rano","budzik","alarm clock",""
23,A1,"Codziennie rano","relaksować się","to relax",""
23,A1,"Codziennie rano","nudzić się","to be bored",""
23,A1,"Codziennie rano","rozbierać się","to get undressed",""
23,A1,"Codziennie rano","jeść śniadanie","to have breakfast",""
23,A1,"Codziennie rano","iść do pracy","to go to work",""
23,A1,"Codziennie rano","wracać do domu","to come home",""
23,A1,"Codziennie rano","odkurzać","to vacuum",""
23,A1,"Codziennie rano","robić pranie","to do the washing",""
23,A1,"Codziennie rano","iść na zakupy","to go shopping",""
23,A1,"Codziennie rano","czuć się","to feel","Jak się czujesz?"
23,A1,"Codziennie rano","przypominać","to remind","perf. przypomnieć"
23,A1,"Codziennie rano","martwić się","to worry",""
23,A1,"Codziennie rano","cieszyć się","to be glad","Cieszę się!"
23,A1,"Codziennie rano","denerwować się","to get nervous, annoyed",""
23,A1,"Codziennie rano","umawiać się","to arrange to meet",""
23,A1,"Codziennie rano","śnić","to dream (in sleep)",""
23,A1,"Codziennie rano","sen","sleep; dream",""
23,A1,"Codziennie rano","zazwyczaj","usually",""
24,A1,"Co będziesz robić?","będę","I will be",""
24,A1,"Co będziesz robić?","pojutrze","the day after tomorrow",""
24,A1,"Co będziesz robić?","za tydzień","in a week",""
24,A1,"Co będziesz robić?","w przyszłym tygodniu","next week",""
24,A1,"Co będziesz robić?","w przyszłym roku","next year",""
24,A1,"Co będziesz robić?","wakacje","holidays","plural only"
24,A1,"Co będziesz robić?","urlop","time off work",""
24,A1,"Co będziesz robić?","planować","to plan",""
24,A1,"Co będziesz robić?","odwiedzić","to visit (someone)",""
24,A1,"Co będziesz robić?","zwiedzać","to go sightseeing",""
24,A1,"Co będziesz robić?","nad morze","to the seaside",""
24,A1,"Co będziesz robić?","w góry","to the mountains",""
24,A1,"Co będziesz robić?","może","maybe",""
24,A1,"Co będziesz robić?","na pewno","definitely",""
24,A1,"Co będziesz robić?","pogoda","weather",""
24,A1,"Co będziesz robić?","namiot","tent",""
24,A1,"Co będziesz robić?","kemping","campsite",""
24,A1,"Co będziesz robić?","pensjonat","guesthouse",""
24,A1,"Co będziesz robić?","rezerwacja","booking, reservation",""
24,A1,"Co będziesz robić?","wyjazd","trip away, departure",""
24,A1,"Co będziesz robić?","plan","plan",""
24,A1,"Co będziesz robić?","marzyć","to dream (of)",""
24,A1,"Co będziesz robić?","zostać w domu","to stay at home",""
24,A1,"Co będziesz robić?","za rok","in a year's time",""
24,A1,"Co będziesz robić?","w przyszły weekend","next weekend",""
24,A1,"Co będziesz robić?","jutro rano","tomorrow morning",""
24,A1,"Co będziesz robić?","za godzinę","in an hour",""
24,A1,"Co będziesz robić?","prognoza pogody","weather forecast",""
24,A1,"Co będziesz robić?","spakować się","to pack",""
24,A1,"Co będziesz robić?","morze","sea","nad morzem"
24,A1,"Co będziesz robić?","góry","mountains","w górach"
24,A1,"Co będziesz robić?","opalać się","to sunbathe",""
24,A1,"Co będziesz robić?","wypoczywać","to rest, holiday",""
24,A1,"Co będziesz robić?","pokój jednoosobowy","single room",""
24,A1,"Co będziesz robić?","pokój dwuosobowy","double room",""
24,A1,"Co będziesz robić?","śniadanie wliczone","breakfast included",""
24,A1,"Co będziesz robić?","odwołać","to cancel",""
24,A1,"Co będziesz robić?","zamierzać","to intend",""
24,A1,"Co będziesz robić?","mieć zamiar","to plan to, intend",""
24,A1,"Co będziesz robić?","pewnie","probably",""
24,A1,"Co będziesz robić?","wybierać się","to be going (to)","Wybieram się do Gdańska."
24,A1,"Co będziesz robić?","podróżować","to travel",""
25,A1,"Dlaczego? Bo…","i","and",""
25,A1,"Dlaczego? Bo…","a","and, while (contrast)",""
25,A1,"Dlaczego? Bo…","lub","or",""
25,A1,"Dlaczego? Bo…","więc","so",""
25,A1,"Dlaczego? Bo…","bo","because",""
25,A1,"Dlaczego? Bo…","dlatego że","because (more formal)",""
25,A1,"Dlaczego? Bo…","że","that","Wiem, że…"
25,A1,"Dlaczego? Bo…","kiedy","when",""
25,A1,"Dlaczego? Bo…","dlaczego?","why?",""
25,A1,"Dlaczego? Bo…","później","later",""
25,A1,"Dlaczego? Bo…","w południe","at noon",""
25,A1,"Dlaczego? Bo…","po południu","in the afternoon",""
25,A1,"Dlaczego? Bo…","w nocy","at night",""
25,A1,"Dlaczego? Bo…","zawsze","always",""
25,A1,"Dlaczego? Bo…","czasami","sometimes",""
25,A1,"Dlaczego? Bo…","nigdy","never","Nigdy nie…"
25,A1,"Dlaczego? Bo…","zaczynać / kończyć","to start / to finish",""
25,A1,"Dlaczego? Bo…","przerwa","a break",""
25,A1,"Dlaczego? Bo…","zmęczony","tired",""
25,A1,"Dlaczego? Bo…","wolny czas","free time",""
25,A1,"Dlaczego? Bo…","spotkanie","meeting",""
25,A1,"Dlaczego? Bo…","zakupy","shopping",""
25,A1,"Dlaczego? Bo…","odpoczywać","to rest",""
25,A1,"Dlaczego? Bo…","sprzątać","to clean, tidy up",""
25,A1,"Dlaczego? Bo…","wiadomość","message",""
25,A1,"Dlaczego? Bo…","list","letter","⚠ A letter (post). SR list = leaf."
25,A1,"Dlaczego? Bo…","Pozdrawiam","Best wishes (end of a message)",""
25,A1,"Dlaczego? Bo…","Do usłyszenia!","Talk soon! (on the phone)",""
25,A1,"Dlaczego? Bo…","Ściskam","Hugs (informal sign-off)",""
25,A1,"Dlaczego? Bo…","jednak","however",""
25,A1,"Dlaczego? Bo…","chociaż","although",""
25,A1,"Dlaczego? Bo…","mimo że","even though",""
25,A1,"Dlaczego? Bo…","natomiast","whereas, on the other hand",""
25,A1,"Dlaczego? Bo…","poza tym","besides",""
25,A1,"Dlaczego? Bo…","na przykład","for example",""
25,A1,"Dlaczego? Bo…","czyli","that is, so",""
25,A1,"Dlaczego? Bo…","to znaczy","that means, I mean",""
25,A1,"Dlaczego? Bo…","ponieważ","because (formal)",""
25,A1,"Dlaczego? Bo…","jeśli / jeżeli","if",""
25,A1,"Dlaczego? Bo…","zanim","before (+ clause)",""
25,A1,"Dlaczego? Bo…","dopóki","as long as; until",""
25,A1,"Dlaczego? Bo…","odkąd","since (+ clause)",""
25,A1,"Dlaczego? Bo…","nawet","even",""
25,A1,"Dlaczego? Bo…","także","also",""
25,A1,"Dlaczego? Bo…","również","also (formal)",""
25,A1,"Dlaczego? Bo…","przecież","after all, but (surely)",""
25,A1,"Dlaczego? Bo…","właściwie","actually",""
25,A1,"Dlaczego? Bo…","w ogóle","at all; in general",""
25,A1,"Dlaczego? Bo…","wreszcie","at last",""
25,A1,"Dlaczego? Bo…","w końcu","finally; after all",""
25,A1,"Dlaczego? Bo…","na końcu","at the end",""
25,A1,"Dlaczego? Bo…","poważnie","seriously",""
25,A1,"Dlaczego? Bo…","szczerze","honestly","szczerze mówiąc"
25,A1,"Dlaczego? Bo…","dokładnie","exactly",""
25,A1,"Dlaczego? Bo…","mocno","strongly, hard",""
25,A1,"Dlaczego? Bo…","łatwo","easily",""
25,A1,"Dlaczego? Bo…","trudno","it's hard; with difficulty",""
25,A1,"Dlaczego? Bo…","możliwe","possibly; it's possible",""
25,A1,"Dlaczego? Bo…","wystarczy","that's enough; it's enough to…",""
25,A1,"Dlaczego? Bo…","ledwo","barely",""
25,A1,"Dlaczego? Bo…","akurat","just, exactly then",""
26,A2,"Robić czy zrobić?","robić / zrobić","to do, to make",""
26,A2,"Robić czy zrobić?","pisać / napisać","to write",""
26,A2,"Robić czy zrobić?","czytać / przeczytać","to read",""
26,A2,"Robić czy zrobić?","jeść / zjeść","to eat",""
26,A2,"Robić czy zrobić?","pić / wypić","to drink",""
26,A2,"Robić czy zrobić?","kupować / kupić","to buy",""
26,A2,"Robić czy zrobić?","mówić / powiedzieć","to say / to tell",""
26,A2,"Robić czy zrobić?","brać / wziąć","to take",""
26,A2,"Robić czy zrobić?","widzieć / zobaczyć","to see",""
26,A2,"Robić czy zrobić?","oglądać / obejrzeć","to watch",""
26,A2,"Robić czy zrobić?","dawać / dać","to give",""
26,A2,"Robić czy zrobić?","pomagać / pomóc","to help",""
26,A2,"Robić czy zrobić?","już","already",""
26,A2,"Robić czy zrobić?","jeszcze nie","not yet",""
26,A2,"Robić czy zrobić?","długo","for a long time",""
26,A2,"Robić czy zrobić?","wstawać / wstać","to get up",""
26,A2,"Robić czy zrobić?","zaczynać / zacząć","to begin",""
26,A2,"Robić czy zrobić?","kończyć / skończyć","to finish",""
26,A2,"Robić czy zrobić?","uczyć się / nauczyć się","to learn",""
26,A2,"Robić czy zrobić?","otwierać / otworzyć","to open",""
26,A2,"Robić czy zrobić?","zamykać / zamknąć","to close",""
26,A2,"Robić czy zrobić?","sprzedawać / sprzedać","to sell",""
26,A2,"Robić czy zrobić?","wysyłać / wysłać","to send",""
26,A2,"Robić czy zrobić?","dzwonić / zadzwonić","to call, phone",""
26,A2,"Robić czy zrobić?","spotykać / spotkać","to meet",""
26,A2,"Robić czy zrobić?","odpowiadać / odpowiedzieć","to answer",""
26,A2,"Robić czy zrobić?","pytać / zapytać","to ask",""
26,A2,"Robić czy zrobić?","płacić / zapłacić","to pay",""
26,A2,"Robić czy zrobić?","wracać / wrócić","to come back",""
26,A2,"Robić czy zrobić?","przychodzić / przyjść","to come (on foot)",""
26,A2,"Robić czy zrobić?","wychodzić / wyjść","to go out, leave",""
26,A2,"Robić czy zrobić?","słyszeć / usłyszeć","to hear",""
26,A2,"Robić czy zrobić?","myć / umyć","to wash",""
26,A2,"Robić czy zrobić?","sprzątać / posprzątać","to tidy",""
26,A2,"Robić czy zrobić?","szukać / znaleźć","to look for / to find",""
26,A2,"Robić czy zrobić?","próbować / spróbować","to try",""
26,A2,"Robić czy zrobić?","zapominać / zapomnieć","to forget","⚠ SR zapamtiti = to remember (PL zapamiętać)"
26,A2,"Robić czy zrobić?","przypominać / przypomnieć","to remind",""
26,A2,"Robić czy zrobić?","decydować / zdecydować","to decide",""
26,A2,"Robić czy zrobić?","wybierać / wybrać","to choose","wybiorę"
26,A2,"Robić czy zrobić?","zmieniać / zmienić","to change",""
26,A2,"Robić czy zrobić?","rozumieć / zrozumieć","to understand",""
26,A2,"Robić czy zrobić?","budować / zbudować","to build",""
26,A2,"Robić czy zrobić?","tracić / stracić","to lose (time, money)",""
26,A2,"Robić czy zrobić?","wygrywać / wygrać","to win",""
26,A2,"Robić czy zrobić?","przegrywać / przegrać","to lose (a game)",""
26,A2,"Robić czy zrobić?","odpoczywać / odpocząć","to rest","odpocznę"
26,A2,"Robić czy zrobić?","przygotowywać / przygotować","to prepare",""
26,A2,"Robić czy zrobić?","załatwiać / załatwić","to sort out, arrange",""
26,A2,"Robić czy zrobić?","dostawać / dostać","to get, receive","dostanę"
26,A2,"Robić czy zrobić?","zostawać / zostać","to stay; to become","zostanę"
26,A2,"Robić czy zrobić?","siadać / usiąść","to sit down","usiądę"
26,A2,"Robić czy zrobić?","kłaść / położyć","to put (lying)","położę"
26,A2,"Robić czy zrobić?","wkładać / włożyć","to put in; to put on (clothes)",""
26,A2,"Robić czy zrobić?","zdejmować / zdjąć","to take off","zdejmę"
26,A2,"Robić czy zrobić?","podawać / podać","to pass, hand",""
26,A2,"Robić czy zrobić?","wynajmować / wynająć","to rent","wynajmę"
26,A2,"Robić czy zrobić?","umierać / umrzeć","to die",""
26,A2,"Robić czy zrobić?","pożyczać / pożyczyć","to lend; to borrow",""
26,A2,"Robić czy zrobić?","gubić / zgubić","to lose (misplace)",""
27,A2,"Chciałbym…","chciałbym / chciałabym","I'd like (m / f)",""
27,A2,"Chciałbym…","mógłbym / mogłabym","I could (m / f)",""
27,A2,"Chciałbym…","wolałbym / wolałabym","I'd prefer (m / f)",""
27,A2,"Chciałbym…","Czy mógłby pan…?","Could you… (to a man)?",""
27,A2,"Chciałbym…","Czy mogłaby pani…?","Could you… (to a woman)?",""
27,A2,"Chciałbym…","Co by pani poleciła?","What would you recommend? (to a woman)",""
27,A2,"Chciałbym…","karta","menu",""
27,A2,"Chciałbym…","przystawka","starter",""
27,A2,"Chciałbym…","zupa","soup",""
27,A2,"Chciałbym…","danie główne","main course",""
27,A2,"Chciałbym…","deser","dessert",""
27,A2,"Chciałbym…","napój","drink",""
27,A2,"Chciałbym…","talerz","plate",""
27,A2,"Chciałbym…","widelec","fork",""
27,A2,"Chciałbym…","nóż","knife",""
27,A2,"Chciałbym…","łyżka","spoon",""
27,A2,"Chciałbym…","łyżeczka","teaspoon",""
27,A2,"Chciałbym…","szklanka","glass (for water)",""
27,A2,"Chciałbym…","kieliszek","wine glass",""
27,A2,"Chciałbym…","serwetka","napkin",""
27,A2,"Chciałbym…","kelner / kelnerka","waiter / waitress",""
27,A2,"Chciałbym…","stolik","table (in a restaurant)",""
27,A2,"Chciałbym…","zarezerwować","to book, reserve",""
27,A2,"Chciałbym…","zamówić","to order",""
27,A2,"Chciałbym…","napiwek","tip",""
27,A2,"Chciałbym…","smaczny","tasty",""
27,A2,"Chciałbym…","słony","salty",""
27,A2,"Chciałbym…","ostry","spicy",""
27,A2,"Chciałbym…","wegetariański","vegetarian",""
27,A2,"Chciałbym…","mieć nadzieję","to hope","Mam nadzieję, że…"
27,A2,"Chciałbym…","Smacznego!","Enjoy your meal!",""
27,A2,"Chciałbym…","karta dań","menu",""
27,A2,"Chciałbym…","zupa dnia","soup of the day",""
27,A2,"Chciałbym…","zamówienie","order",""
27,A2,"Chciałbym…","wegański","vegan",""
27,A2,"Chciałbym…","polecić / polecać","to recommend",""
27,A2,"Chciałbym…","Co pan poleca?","What do you recommend? (to a man)",""
27,A2,"Chciałbym…","Czy mogę prosić o…?","Could I have…? (+ accusative)",""
27,A2,"Chciałbym…","Czy jest coś bez mięsa?","Is there anything without meat?",""
27,A2,"Chciałbym…","Wolałbym…","I'd rather… (m)",""
27,A2,"Chciałbym…","Wolałabym…","I'd rather… (f)",""
27,A2,"Chciałbym…","marzenie","dream (wish)",""
27,A2,"Chciałbym…","gdybym","if I (were / had)","Gdybym miał czas, …"
27,A2,"Chciałbym…","Czy byłby pan tak miły…?","Would you be so kind… (to a man)?",""
27,A2,"Chciałbym…","porcja","portion",""
27,A2,"Chciałbym…","dodatki","side dishes",""
27,A2,"Chciałbym…","surówka","salad (side, raw veg)",""
27,A2,"Chciałbym…","ziemniaki puree","mashed potatoes",""
27,A2,"Chciałbym…","frytki","chips, fries",""
27,A2,"Chciałbym…","kotlet schabowy","breaded pork cutlet",""
27,A2,"Chciałbym…","pierogi","dumplings",""
27,A2,"Chciałbym…","barszcz","beetroot soup",""
27,A2,"Chciałbym…","żurek","sour rye soup",""
27,A2,"Chciałbym…","gołąbki","cabbage rolls",""
27,A2,"Chciałbym…","bigos","hunter's stew",""
27,A2,"Chciałbym…","Czy to jest ostre?","Is it spicy?",""
27,A2,"Chciałbym…","Rachunek, proszę.","The bill, please.",""
27,A2,"Chciałbym…","Smakowało?","Did you enjoy it?",""
27,A2,"Chciałbym…","Było pyszne.","It was delicious.",""
28,A2,"Daj mi to!","mi","to me / for me",""
28,A2,"Daj mi to!","ci","to you / for you",""
28,A2,"Daj mi to!","mu","to him",""
28,A2,"Daj mi to!","jej","to her / her",""
28,A2,"Daj mi to!","nam","to us",""
28,A2,"Daj mi to!","im","to them",""
28,A2,"Daj mi to!","dać","to give","dam, dasz, da"
28,A2,"Daj mi to!","pokazać","to show",""
28,A2,"Daj mi to!","prezent","present / gift",""
28,A2,"Daj mi to!","kwiaty","flowers",""
28,A2,"Daj mi to!","urodziny","birthday","plural only"
28,A2,"Daj mi to!","dziękować","to thank (+ dative)",""
28,A2,"Daj mi to!","smakować","to taste good to","Smakuje mi = I like the taste"
28,A2,"Daj mi to!","Zimno mi.","I'm cold.",""
28,A2,"Daj mi to!","Komu?","To whom?",""
28,A2,"Daj mi to!","podarować","to give (as a gift)",""
28,A2,"Daj mi to!","życzyć","to wish (+ dative)",""
28,A2,"Daj mi to!","pożyczyć","to lend, to borrow",""
28,A2,"Daj mi to!","oddać","to give back",""
28,A2,"Daj mi to!","przynieść","to bring",""
28,A2,"Daj mi to!","obiecać","to promise",""
28,A2,"Daj mi to!","wierzyć","to believe (+ dative)",""
28,A2,"Daj mi to!","ufać","to trust (+ dative)",""
28,A2,"Daj mi to!","Wszystko mi jedno.","I don't mind.",""
28,A2,"Daj mi to!","Przykro mi.","I'm sorry (sympathy).",""
28,A2,"Daj mi to!","Gorąco mi.","I'm hot.",""
28,A2,"Daj mi to!","Nudno mi.","I'm bored.",""
28,A2,"Daj mi to!","Daj spokój!","Come on! / Leave it!",""
28,A2,"Daj mi to!","niespodzianka","surprise",""
28,A2,"Daj mi to!","bukiet","bouquet",""
28,A2,"Daj mi to!","kartka","card",""
28,A2,"Daj mi to!","pasować","to suit, fit (+ dative)",""
28,A2,"Daj mi to!","wydawać się","to seem (+ dative)","Wydaje mi się, że…"
28,A2,"Daj mi to!","chodzić o","to be about","O co chodzi?"
28,A2,"Daj mi to!","opłacać się","to be worth it",""
28,A2,"Daj mi to!","przeszkadzać","to bother (+ dative)",""
28,A2,"Daj mi to!","gratulować","to congratulate (+ dative)",""
28,A2,"Daj mi to!","odpowiadać","to suit (+ dative); to answer","Ten termin mi odpowiada."
28,A2,"Daj mi to!","Szkoda!","What a pity!",""
28,A2,"Daj mi to!","Brawo!","Well done!",""
28,A2,"Daj mi to!","Smutno mi.","I'm sad.",""
28,A2,"Daj mi to!","Wstyd mi.","I'm ashamed.",""
28,A2,"Daj mi to!","Głupio mi.","I feel awkward.",""
28,A2,"Daj mi to!","Wygodnie mi.","I'm comfortable.",""
28,A2,"Daj mi to!","Jest mi dobrze.","I feel good here.",""
28,A2,"Daj mi to!","pomóc komuś","to help someone (+ dative)",""
28,A2,"Daj mi to!","prezent dla…","a present for…",""
28,A2,"Daj mi to!","perfumy","perfume","plural only"
28,A2,"Daj mi to!","czekoladki","chocolates",""
28,A2,"Daj mi to!","dziękuję za…","thank you for… (+ acc.)",""
28,A2,"Daj mi to!","składać życzenia","to give one's wishes",""
28,A2,"Daj mi to!","pożyczyć komuś","to lend someone",""
28,A2,"Daj mi to!","obiecać komuś","to promise someone",""
28,A2,"Daj mi to!","wysłać komuś","to send someone",""
28,A2,"Daj mi to!","pokazać komuś","to show someone",""
28,A2,"Daj mi to!","powiedzieć komuś","to tell someone",""
28,A2,"Daj mi to!","kupić komuś","to buy (for) someone",""
28,A2,"Daj mi to!","mojemu bratu","to my brother (dative)",""
28,A2,"Daj mi to!","mojej siostrze","to my sister (dative)",""
28,A2,"Daj mi to!","dzieciom","to the children (dative)",""
29,A2,"Panowie i panie","panowie","gentlemen",""
29,A2,"Panowie i panie","panie","ladies",""
29,A2,"Panowie i panie","państwo","ladies and gentlemen; Mr and Mrs","państwo Kowalscy"
29,A2,"Panowie i panie","Proszę państwa!","Ladies and gentlemen!",""
29,A2,"Panowie i panie","koledzy","colleagues (men or mixed)",""
29,A2,"Panowie i panie","koleżanki","colleagues (women)",""
29,A2,"Panowie i panie","studenci","students (men or mixed)",""
29,A2,"Panowie i panie","Polacy","Poles (men or mixed)",""
29,A2,"Panowie i panie","lekarze","doctors (men or mixed)",""
29,A2,"Panowie i panie","nauczyciele","teachers (men or mixed)",""
29,A2,"Panowie i panie","sąsiad / sąsiedzi","neighbour / neighbours",""
29,A2,"Panowie i panie","dwaj / trzej / czterej","two / three / four (men)","+ nominative: dwaj studenci"
29,A2,"Panowie i panie","dwóch / trzech / czterech","two / three / four (men)","+ genitive: dwóch studentów"
29,A2,"Panowie i panie","pięciu","five (men)","+ genitive: pięciu panów"
29,A2,"Panowie i panie","wszyscy","everyone, all (men or mixed)",""
29,A2,"Panowie i panie","wszystkie","all (women, things)",""
29,A2,"Panowie i panie","dyrektor","director, manager",""
29,A2,"Panowie i panie","profesor","professor",""
29,A2,"Panowie i panie","zespół","team",""
29,A2,"Panowie i panie","pracownik / pracownica","employee (m / f)",""
29,A2,"Panowie i panie","Drogi… / Droga…","Dear… (informal letter, m / f)",""
29,A2,"Panowie i panie","Szanowny Panie / Szanowna Pani","Dear Sir / Dear Madam",""
29,A2,"Panowie i panie","Szanowni Państwo","Dear Sir or Madam (to a group)",""
29,A2,"Panowie i panie","Z poważaniem","Yours sincerely",""
29,A2,"Panowie i panie","Panie Marku!","Marek! (polite, to a man)",""
29,A2,"Panowie i panie","Pani Ewo!","Ewa! (polite, to a woman)",""
29,A2,"Panowie i panie","swój / swoja / swoje","one's own",""
29,A2,"Panowie i panie","mili","nice (men or mixed)",""
29,A2,"Panowie i panie","zdolni","talented (men or mixed)",""
29,A2,"Panowie i panie","charakter","character, personality",""
29,A2,"Panowie i panie","Szanowny Panie!","Dear Sir (formal letter)",""
29,A2,"Panowie i panie","Szanowna Pani!","Dear Madam (formal letter)",""
29,A2,"Panowie i panie","Pozdrawiam serdecznie","Warm regards",""
29,A2,"Panowie i panie","Polki","Polish women",""
29,A2,"Panowie i panie","Serbowie","Serbs (men / mixed)",""
29,A2,"Panowie i panie","goście","guests",""
29,A2,"Panowie i panie","sąsiedzi","neighbours (men / mixed)",""
29,A2,"Panowie i panie","przyjaciele","friends",""
29,A2,"Panowie i panie","dwaj","two (men)","dwaj bracia = dwóch braci"
29,A2,"Panowie i panie","trzej","three (men)",""
29,A2,"Panowie i panie","obaj","both (men)",""
29,A2,"Panowie i panie","obie","both (women / things)",""
29,A2,"Panowie i panie","oboje","both (a man and a woman)",""
29,A2,"Panowie i panie","którzy","who, which (men, plural)",""
29,A2,"Panowie i panie","ci ludzie","these people",""
29,A2,"Panowie i panie","moi rodzice","my parents",""
29,A2,"Panowie i panie","nasi goście","our guests",""
29,A2,"Panowie i panie","byli / były","they were (men / others)",""
29,A2,"Panowie i panie","mieli / miały","they had (men / others)",""
29,A2,"Panowie i panie","poszli / poszły","they went (men / others)",""
29,A2,"Panowie i panie","Panie doktorze!","Doctor! (calling a man)",""
29,A2,"Panowie i panie","Pani profesor!","Professor! (calling a woman)",""
30,A2,"Proszę usiąść!","Chodź!","Come!",""
30,A2,"Proszę usiąść!","Poczekaj!","Wait!",""
30,A2,"Proszę usiąść!","Powiedz…","Tell… / Say…",""
30,A2,"Proszę usiąść!","Zobacz!","Look!",""
30,A2,"Proszę usiąść!","Słuchaj!","Listen!",""
30,A2,"Proszę usiąść!","Idź!","Go!",""
30,A2,"Proszę usiąść!","Daj!","Give!",""
30,A2,"Proszę usiąść!","Usiądź!","Sit down!",""
30,A2,"Proszę usiąść!","Nie martw się!","Don't worry!",""
30,A2,"Proszę usiąść!","Proszę + bezokolicznik","Please + infinitive (polite)","Proszę usiąść."
30,A2,"Proszę usiąść!","Chodźmy!","Let's go!",""
30,A2,"Proszę usiąść!","uwaga","watch out / attention",""
30,A2,"Proszę usiąść!","skręcić","to turn",""
30,A2,"Proszę usiąść!","przejść","to cross / to walk through",""
30,A2,"Proszę usiąść!","zatrzymać się","to stop",""
30,A2,"Proszę usiąść!","pokroić","to slice, cut",""
30,A2,"Proszę usiąść!","dodać","to add",""
30,A2,"Proszę usiąść!","wymieszać","to mix, stir",""
30,A2,"Proszę usiąść!","ugotować","to cook, boil",""
30,A2,"Proszę usiąść!","usmażyć","to fry",""
30,A2,"Proszę usiąść!","upiec","to bake",""
30,A2,"Proszę usiąść!","nalać","to pour",""
30,A2,"Proszę usiąść!","przepis","recipe",""
30,A2,"Proszę usiąść!","garnek","pot, saucepan",""
30,A2,"Proszę usiąść!","patelnia","frying pan",""
30,A2,"Proszę usiąść!","piekarnik","oven",""
30,A2,"Proszę usiąść!","sól i pieprz","salt and pepper",""
30,A2,"Proszę usiąść!","cebula","onion",""
30,A2,"Proszę usiąść!","Niech pan wejdzie.","Please come in (to a man).",""
30,A2,"Proszę usiąść!","Zostaw to!","Leave it!",""
30,A2,"Proszę usiąść!","Pospiesz się!","Hurry up!",""
30,A2,"Proszę usiąść!","Uważaj!","Be careful!",""
30,A2,"Proszę usiąść!","Pokaż!","Show me!",""
30,A2,"Proszę usiąść!","Weź!","Take it!",""
30,A2,"Proszę usiąść!","Zrób to!","Do it!",""
30,A2,"Proszę usiąść!","Przestań!","Stop it!",""
30,A2,"Proszę usiąść!","Spokojnie!","Calm down! / Easy!",""
30,A2,"Proszę usiąść!","Patrz!","Look!",""
30,A2,"Proszę usiąść!","Zadzwoń!","Call (me)!",""
30,A2,"Proszę usiąść!","Napisz!","Write (to me)!",""
30,A2,"Proszę usiąść!","Otwórz!","Open (it)!",""
30,A2,"Proszę usiąść!","Zamknij!","Close (it)!",""
30,A2,"Proszę usiąść!","Wejdź!","Come in!",""
30,A2,"Proszę usiąść!","Wyjdź!","Get out!",""
30,A2,"Proszę usiąść!","Siadaj!","Sit down! (informal)",""
30,A2,"Proszę usiąść!","Proszę poczekać.","Please wait.",""
30,A2,"Proszę usiąść!","Proszę wejść.","Please come in.",""
30,A2,"Proszę usiąść!","Proszę podpisać.","Please sign.",""
30,A2,"Proszę usiąść!","Proszę się nie martwić.","Please don't worry.",""
30,A2,"Proszę usiąść!","Niech pani usiądzie.","Please sit down (to a woman).",""
30,A2,"Proszę usiąść!","Pomocy!","Help!",""
30,A2,"Proszę usiąść!","Nie rób tego!","Don't do that!",""
30,A2,"Proszę usiąść!","Nie zapomnij!","Don't forget!",""
30,A2,"Proszę usiąść!","Nie spóźnij się!","Don't be late!",""
30,A2,"Proszę usiąść!","Bądź cicho!","Be quiet!",""
30,A2,"Proszę usiąść!","Miej oko na…","Keep an eye on…",""
30,A2,"Proszę usiąść!","Proszę mi pokazać…","Please show me…",""
30,A2,"Proszę usiąść!","Przepraszam, którędy do…?","Excuse me, which way to…?",""
30,A2,"Proszę usiąść!","Proszę skręcić w lewo.","Please turn left.",""
30,A2,"Proszę usiąść!","Proszę iść prosto.","Please go straight on.",""
31,A2,"Halo? Zapraszam!","Halo?","Hello? (answering the phone)",""
31,A2,"Halo? Zapraszam!","Słucham.","Hello. (lit. I'm listening)",""
31,A2,"Halo? Zapraszam!","Mówi…","… speaking",""
31,A2,"Halo? Zapraszam!","Czy mogę rozmawiać z…?","Can I speak to…?",""
31,A2,"Halo? Zapraszam!","Proszę chwilę poczekać.","Please hold on a moment.",""
31,A2,"Halo? Zapraszam!","Oddzwonię.","I'll call back.",""
31,A2,"Halo? Zapraszam!","dzwonić","to call, phone",""
31,A2,"Halo? Zapraszam!","komórka","mobile phone",""
31,A2,"Halo? Zapraszam!","zapraszać / zaprosić","to invite",""
31,A2,"Halo? Zapraszam!","zaproszenie","invitation",""
31,A2,"Halo? Zapraszam!","impreza","party",""
31,A2,"Halo? Zapraszam!","Masz ochotę…?","Do you feel like…?",""
31,A2,"Halo? Zapraszam!","Chętnie!","I'd love to!",""
31,A2,"Halo? Zapraszam!","Z przyjemnością.","With pleasure.",""
31,A2,"Halo? Zapraszam!","Niestety nie dam rady.","Sorry, I can't make it.",""
31,A2,"Halo? Zapraszam!","Może innym razem.","Maybe another time.",""
31,A2,"Halo? Zapraszam!","Pasuje ci…?","Does … suit you?",""
31,A2,"Halo? Zapraszam!","chyba","probably, I think",""
31,A2,"Halo? Zapraszam!","możliwe / niemożliwe","possible / impossible",""
31,A2,"Halo? Zapraszam!","raczej nie","probably not",""
31,A2,"Halo? Zapraszam!","żeby","in order to, so that",""
31,A2,"Halo? Zapraszam!","gdy","when (= kiedy)",""
31,A2,"Halo? Zapraszam!","albo","or",""
31,A2,"Halo? Zapraszam!","dlatego","that's why",""
31,A2,"Halo? Zapraszam!","a także","and also",""
31,A2,"Halo? Zapraszam!","Internet","the internet",""
31,A2,"Halo? Zapraszam!","strona internetowa","website",""
31,A2,"Halo? Zapraszam!","mejl","email (informal)",""
31,A2,"Halo? Zapraszam!","telewizja","television",""
31,A2,"Halo? Zapraszam!","gazeta","newspaper",""
31,A2,"Halo? Zapraszam!","radio","radio",""
31,A2,"Halo? Zapraszam!","serial","TV series",""
31,A2,"Halo? Zapraszam!","wiadomości","the news",""
31,A2,"Halo? Zapraszam!","odebrać (telefon)","to answer (the phone)",""
31,A2,"Halo? Zapraszam!","oddzwonić","to call back",""
31,A2,"Halo? Zapraszam!","nagrać się","to leave a message",""
31,A2,"Halo? Zapraszam!","SMS","text message",""
31,A2,"Halo? Zapraszam!","połączenie","connection; call",""
31,A2,"Halo? Zapraszam!","rozłączyć się","to hang up",""
31,A2,"Halo? Zapraszam!","zasięg","signal (coverage)",""
31,A2,"Halo? Zapraszam!","bateria","battery",""
31,A2,"Halo? Zapraszam!","ładowarka","charger",""
31,A2,"Halo? Zapraszam!","aplikacja","app",""
31,A2,"Halo? Zapraszam!","hasło","password",""
31,A2,"Halo? Zapraszam!","zalogować się","to log in",""
31,A2,"Halo? Zapraszam!","wysłać","to send",""
31,A2,"Halo? Zapraszam!","pobrać","to download",""
31,A2,"Halo? Zapraszam!","załącznik","attachment",""
31,A2,"Halo? Zapraszam!","wideo","video",""
31,A2,"Halo? Zapraszam!","media społecznościowe","social media",""
31,A2,"Halo? Zapraszam!","program","programme",""
31,A2,"Halo? Zapraszam!","reklama","advert",""
31,A2,"Halo? Zapraszam!","Kto mówi?","Who's speaking?",""
31,A2,"Halo? Zapraszam!","Proszę zostawić wiadomość.","Please leave a message.",""
31,A2,"Halo? Zapraszam!","Źle cię słyszę.","I can't hear you well.",""
31,A2,"Halo? Zapraszam!","Pomyłka.","Wrong number.",""
31,A2,"Halo? Zapraszam!","Zaraz oddzwonię.","I'll call you right back.",""
31,A2,"Halo? Zapraszam!","Czy mogę mówić z…?","Can I speak to…? (+ instrumental)",""
31,A2,"Halo? Zapraszam!","Niestety nie mogę.","Unfortunately I can't.",""
31,A2,"Halo? Zapraszam!","Chętnie przyjdę!","I'd love to come!",""
31,A2,"Halo? Zapraszam!","impreza urodzinowa","birthday party",""
31,A2,"Halo? Zapraszam!","Co u ciebie?","How are you doing? What's new with you?",""
31,A2,"Halo? Zapraszam!","Dawno się nie widzieliśmy!","Long time no see!",""
31,A2,"Halo? Zapraszam!","Odezwij się!","Get in touch!",""
31,A2,"Halo? Zapraszam!","Daj znać.","Let me know.",""
31,A2,"Halo? Zapraszam!","Nie ma mnie w domu.","I'm not at home.",""
31,A2,"Halo? Zapraszam!","Jestem w drodze.","I'm on my way.",""
31,A2,"Halo? Zapraszam!","Spóźnię się kilka minut.","I'll be a few minutes late.",""
31,A2,"Halo? Zapraszam!","Przepraszam, nie mogę rozmawiać.","Sorry, I can't talk.",""
31,A2,"Halo? Zapraszam!","Napisz mi SMS-a.","Text me.",""
32,A2,"Załatwiam sprawy","bank","bank",""
32,A2,"Załatwiam sprawy","konto","bank account",""
32,A2,"Załatwiam sprawy","karta płatnicza","bank card",""
32,A2,"Załatwiam sprawy","wypłacić / wpłacić pieniądze","to withdraw / deposit money",""
32,A2,"Załatwiam sprawy","bankomat","cash machine, ATM",""
32,A2,"Załatwiam sprawy","przelew","bank transfer",""
32,A2,"Załatwiam sprawy","list polecony","registered letter",""
32,A2,"Załatwiam sprawy","znaczek","stamp",""
32,A2,"Załatwiam sprawy","koperta","envelope",""
32,A2,"Załatwiam sprawy","nadać","to send (at the post office)","nadać paczkę"
32,A2,"Załatwiam sprawy","urząd","(government) office",""
32,A2,"Załatwiam sprawy","wniosek","application form",""
32,A2,"Załatwiam sprawy","dowód osobisty","ID card",""
32,A2,"Załatwiam sprawy","okienko","counter, window",""
32,A2,"Załatwiam sprawy","numerek","queue ticket",""
32,A2,"Załatwiam sprawy","kolejka","queue",""
32,A2,"Załatwiam sprawy","pralnia","laundry, dry cleaner's",""
32,A2,"Załatwiam sprawy","fryzjer","hairdresser",""
32,A2,"Załatwiam sprawy","stacja benzynowa","petrol station",""
32,A2,"Załatwiam sprawy","wynająć / wynajmować","to rent",""
32,A2,"Załatwiam sprawy","mieszkanie do wynajęcia","flat for rent",""
32,A2,"Załatwiam sprawy","właściciel / właścicielka","owner, landlord / landlady",""
32,A2,"Załatwiam sprawy","najemca","tenant",""
32,A2,"Załatwiam sprawy","czynsz","rent",""
32,A2,"Załatwiam sprawy","kaucja","deposit",""
32,A2,"Załatwiam sprawy","umowa","contract",""
32,A2,"Załatwiam sprawy","opłaty","bills, charges",""
32,A2,"Załatwiam sprawy","umeblowany","furnished",""
32,A2,"Załatwiam sprawy","wprowadzić się","to move in",""
32,A2,"Załatwiam sprawy","Od kiedy?","Since when? / From when?",""
32,A2,"Załatwiam sprawy","Na jak długo?","For how long?",""
32,A2,"Załatwiam sprawy","Ile wynosi…?","How much is… (an amount)?",""
32,A2,"Załatwiam sprawy","dokument","document",""
32,A2,"Załatwiam sprawy","zaświadczenie","certificate (official)",""
32,A2,"Załatwiam sprawy","podpisać","to sign",""
32,A2,"Załatwiam sprawy","wypełnić","to fill in","wypełnić formularz"
32,A2,"Załatwiam sprawy","urzędnik / urzędniczka","clerk, official (m / f)",""
32,A2,"Załatwiam sprawy","PESEL","Polish ID number (like JMBG)",""
32,A2,"Załatwiam sprawy","meldunek","residence registration","SR prijava boravka"
32,A2,"Załatwiam sprawy","zameldować się","to register one's address",""
32,A2,"Załatwiam sprawy","przesyłka","consignment, delivery",""
32,A2,"Załatwiam sprawy","odebrać","to collect, pick up",""
32,A2,"Załatwiam sprawy","wypłacić","to withdraw (money)",""
32,A2,"Załatwiam sprawy","wpłacić","to pay in",""
32,A2,"Załatwiam sprawy","opłata","fee",""
32,A2,"Załatwiam sprawy","umowa najmu","tenancy agreement",""
32,A2,"Załatwiam sprawy","naprawa","repair",""
32,A2,"Załatwiam sprawy","awaria","breakdown, fault",""
32,A2,"Załatwiam sprawy","hydraulik","plumber",""
32,A2,"Załatwiam sprawy","elektryk","electrician",""
32,A2,"Załatwiam sprawy","Gdzie mogę załatwić…?","Where can I sort out…?",""
32,A2,"Załatwiam sprawy","Jakie dokumenty są potrzebne?","Which documents are needed?",""
32,A2,"Załatwiam sprawy","termin ważności","expiry date",""
32,A2,"Załatwiam sprawy","prośba","request",""
32,A2,"Załatwiam sprawy","pomoc","help",""
32,A2,"Załatwiam sprawy","porada","advice",""
32,A2,"Załatwiam sprawy","zgoda","consent; agreement",""
32,A2,"Załatwiam sprawy","skarga","complaint",""
32,A2,"Załatwiam sprawy","Chciałbym złożyć reklamację.","I'd like to make a complaint (m).",""
33,A2,"Lepszy czy gorszy?","lepszy","better",""
33,A2,"Lepszy czy gorszy?","gorszy","worse",""
33,A2,"Lepszy czy gorszy?","większy","bigger",""
33,A2,"Lepszy czy gorszy?","mniejszy","smaller",""
33,A2,"Lepszy czy gorszy?","najlepszy","the best",""
33,A2,"Lepszy czy gorszy?","tańszy","cheaper",""
33,A2,"Lepszy czy gorszy?","droższy","more expensive",""
33,A2,"Lepszy czy gorszy?","szybki","fast",""
33,A2,"Lepszy czy gorszy?","ciekawy","interesting",""
33,A2,"Lepszy czy gorszy?","łatwy","easy",""
33,A2,"Lepszy czy gorszy?","trudny","difficult",""
33,A2,"Lepszy czy gorszy?","niż","than",""
33,A2,"Lepszy czy gorszy?","bardziej","more",""
33,A2,"Lepszy czy gorszy?","lepiej","better (adverb)",""
33,A2,"Lepszy czy gorszy?","tak samo","the same",""
33,A2,"Lepszy czy gorszy?","najbardziej","the most",""
33,A2,"Lepszy czy gorszy?","gorzej","worse (adverb)",""
33,A2,"Lepszy czy gorszy?","dłuższy","longer",""
33,A2,"Lepszy czy gorszy?","krótszy","shorter (length)",""
33,A2,"Lepszy czy gorszy?","starszy","older",""
33,A2,"Lepszy czy gorszy?","młodszy","younger",""
33,A2,"Lepszy czy gorszy?","wyższy","taller",""
33,A2,"Lepszy czy gorszy?","niższy","shorter (height)",""
33,A2,"Lepszy czy gorszy?","taki sam","the same",""
33,A2,"Lepszy czy gorszy?","inny","different, other",""
33,A2,"Lepszy czy gorszy?","podobny","similar",""
33,A2,"Lepszy czy gorszy?","Moim zdaniem…","In my opinion…",""
33,A2,"Lepszy czy gorszy?","zgadzać się","to agree",""
33,A2,"Lepszy czy gorszy?","Masz rację.","You're right.",""
33,A2,"Lepszy czy gorszy?","Nie zgadzam się.","I disagree.",""
33,A2,"Lepszy czy gorszy?","zdanie","opinion; sentence","moim zdaniem"
33,A2,"Lepszy czy gorszy?","opinia","opinion",""
33,A2,"Lepszy czy gorszy?","uważać","to think; to be careful","⚠ SR uvažavati = respect. Uważam, że…"
33,A2,"Lepszy czy gorszy?","sądzić","to think, judge",""
33,A2,"Lepszy czy gorszy?","Wydaje mi się, że…","It seems to me that…",""
33,A2,"Lepszy czy gorszy?","według mnie","in my view",""
33,A2,"Lepszy czy gorszy?","z jednej strony","on the one hand",""
33,A2,"Lepszy czy gorszy?","z drugiej strony","on the other hand",""
33,A2,"Lepszy czy gorszy?","zaleta","advantage",""
33,A2,"Lepszy czy gorszy?","wada","disadvantage, flaw",""
33,A2,"Lepszy czy gorszy?","różnica","difference",""
33,A2,"Lepszy czy gorszy?","mniej","less",""
33,A2,"Lepszy czy gorszy?","coraz","more and more","coraz lepiej"
33,A2,"Lepszy czy gorszy?","prawie","almost",""
33,A2,"Lepszy czy gorszy?","zupełnie","completely",""
33,A2,"Lepszy czy gorszy?","całkiem","quite, entirely",""
33,A2,"Lepszy czy gorszy?","raczej","rather",""
33,A2,"Lepszy czy gorszy?","dość","quite; enough",""
33,A2,"Lepszy czy gorszy?","zbyt","too","zbyt drogi"
33,A2,"Lepszy czy gorszy?","najlepiej","best (adverb)",""
33,A2,"Lepszy czy gorszy?","najgorzej","worst (adverb)",""
33,A2,"Lepszy czy gorszy?","najczęściej","most often",""
33,A2,"Lepszy czy gorszy?","ulubiony","favourite",""
33,A2,"Lepszy czy gorszy?","łatwiejszy","easier",""
33,A2,"Lepszy czy gorszy?","trudniejszy","more difficult",""
33,A2,"Lepszy czy gorszy?","ciekawszy","more interesting",""
33,A2,"Lepszy czy gorszy?","szybszy","faster",""
33,A2,"Lepszy czy gorszy?","wolniejszy","slower",""
33,A2,"Lepszy czy gorszy?","nowocześniejszy","more modern",""
33,A2,"Lepszy czy gorszy?","Zgadzam się z tobą.","I agree with you.",""
33,A2,"Lepszy czy gorszy?","To zależy.","It depends.",""
33,A2,"Lepszy czy gorszy?","Zależy od…","It depends on… (+ genitive)",""
33,A2,"Lepszy czy gorszy?","pomysł","idea",""
33,A2,"Lepszy czy gorszy?","sposób","way, method",""
33,A2,"Lepszy czy gorszy?","problem","problem",""
33,A2,"Lepszy czy gorszy?","sprawa","matter, issue",""
33,A2,"Lepszy czy gorszy?","pytanie","question",""
33,A2,"Lepszy czy gorszy?","odpowiedź","answer",""
33,A2,"Lepszy czy gorszy?","powód","reason",""
33,A2,"Lepszy czy gorszy?","życie","life",""
33,A2,"Lepszy czy gorszy?","koniec","end","⚠ SR kraj = end"
33,A2,"Lepszy czy gorszy?","początek","beginning",""
33,A2,"Lepszy czy gorszy?","historia","history; story",""
33,A2,"Lepszy czy gorszy?","miłość","love",""
33,A2,"Lepszy czy gorszy?","szczęście","happiness; luck",""
33,A2,"Lepszy czy gorszy?","sytuacja","situation",""
33,A2,"Lepszy czy gorszy?","decyzja","decision",""
33,A2,"Lepszy czy gorszy?","błąd","mistake","pl. błędy"
33,A2,"Lepszy czy gorszy?","wybór","choice",""
33,A2,"Lepszy czy gorszy?","cel","goal, aim",""
33,A2,"Lepszy czy gorszy?","informacja","information",""
33,A2,"Lepszy czy gorszy?","fakt","fact",""
33,A2,"Lepszy czy gorszy?","przypadek","case; chance","przypadkiem = by chance"
33,A2,"Lepszy czy gorszy?","sens","sense, point","To nie ma sensu."
33,A2,"Lepszy czy gorszy?","ryzyko","risk",""
34,A2,"Podróże i zabytki","zabytek","historic site, monument",""
34,A2,"Podróże i zabytki","zamek","castle",""
34,A2,"Podróże i zabytki","kościół","church",""
34,A2,"Podróże i zabytki","rynek","market square",""
34,A2,"Podróże i zabytki","Stare Miasto","Old Town",""
34,A2,"Podróże i zabytki","muzeum","museum","doesn't change in the singular: w muzeum"
34,A2,"Podróże i zabytki","galeria sztuki","art gallery",""
34,A2,"Podróże i zabytki","pomnik","monument, statue",""
34,A2,"Podróże i zabytki","wycieczka","trip, excursion",""
34,A2,"Podróże i zabytki","przewodnik","guide, guidebook",""
34,A2,"Podróże i zabytki","biuro podróży","travel agency",""
34,A2,"Podróże i zabytki","nocleg","place to stay, overnight stay",""
34,A2,"Podróże i zabytki","las","forest",""
34,A2,"Podróże i zabytki","jezioro","lake",""
34,A2,"Podróże i zabytki","rzeka","river",""
34,A2,"Podróże i zabytki","góra / góry","mountain / mountains",""
34,A2,"Podróże i zabytki","plaża","beach",""
34,A2,"Podróże i zabytki","pole","field",""
34,A2,"Podróże i zabytki","kwiat","flower",""
34,A2,"Podróże i zabytki","drzewo","tree",""
34,A2,"Podróże i zabytki","zwierzęta domowe","pets",""
34,A2,"Podróże i zabytki","krajobraz","landscape",""
34,A2,"Podróże i zabytki","Jak długo?","How long?",""
34,A2,"Podróże i zabytki","przez tydzień","for a week",""
34,A2,"Podróże i zabytki","dwa dni temu","two days ago",""
34,A2,"Podróże i zabytki","ostatnio","recently",""
34,A2,"Podróże i zabytki","w zeszłym roku","last year",""
34,A2,"Podróże i zabytki","nigdy nie…","never…","Nigdy nie byłem w Gdańsku."
34,A2,"Podróże i zabytki","kiedyś","once, at some point; some day",""
34,A2,"Podróże i zabytki","zwiedzić","to visit, see (sights) — perfective","zwiedziłem"
34,A2,"Podróże i zabytki","przyroda","nature",""
34,A2,"Podróże i zabytki","środowisko","environment",""
34,A2,"Podróże i zabytki","góra","mountain",""
34,A2,"Podróże i zabytki","wyspa","island",""
34,A2,"Podróże i zabytki","park narodowy","national park",""
34,A2,"Podróże i zabytki","łąka","meadow",""
34,A2,"Podróże i zabytki","zwierzę","animal","pl. zwierzęta"
34,A2,"Podróże i zabytki","ptak","bird",""
34,A2,"Podróże i zabytki","koń","horse",""
34,A2,"Podróże i zabytki","krowa","cow",""
34,A2,"Podróże i zabytki","zanieczyszczenie","pollution",""
34,A2,"Podróże i zabytki","śmieci","rubbish",""
34,A2,"Podróże i zabytki","segregować śmieci","to sort rubbish for recycling",""
34,A2,"Podróże i zabytki","recykling","recycling",""
34,A2,"Podróże i zabytki","oszczędzać","to save (water, money)",""
34,A2,"Podróże i zabytki","klimat","climate",""
34,A2,"Podróże i zabytki","ekologiczny","eco-friendly",""
34,A2,"Podróże i zabytki","katedra","cathedral",""
34,A2,"Podróże i zabytki","pamiątka","souvenir",""
34,A2,"Podróże i zabytki","zwiedzanie","sightseeing",""
34,A2,"Podróże i zabytki","widok","view",""
34,A2,"Podróże i zabytki","szlak","(hiking) trail",""
34,A2,"Podróże i zabytki","schronisko","mountain hut; animal shelter",""
34,A2,"Podróże i zabytki","wschód / zachód słońca","sunrise / sunset",""
34,A2,"Podróże i zabytki","północ","north; midnight",""
34,A2,"Podróże i zabytki","południe","south; noon",""
34,A2,"Podróże i zabytki","wschód","east",""
34,A2,"Podróże i zabytki","zachód","west",""
34,A2,"Podróże i zabytki","przez","for (a time); through","przez tydzień"
34,A2,"Podróże i zabytki","od dawna","for a long time",""
34,A2,"Podróże i zabytki","nigdy wcześniej","never before",""
34,A2,"Podróże i zabytki","kiedykolwiek","ever",""
34,A2,"Podróże i zabytki","Byłeś kiedyś w…?","Have you ever been to…?",""